<annotation><filename>3.jpg</filename><folder>users/77880077//merge_new</folder><source><submittedBy>tianchengguo</submittedBy></source><imagesize><nrows>720</nrows><ncols>1280</ncols></imagesize><object><name>1</name><deleted>0</deleted><verified>0</verified><occluded>no</occluded><attributes /><parts><hasparts /><ispartof /></parts><date>02-Apr-2017 18:18:39</date><id>0</id><type>bounding_box</type><polygon><username>anonymous</username><pt><x>688</x><y>89</y></pt><pt><x>723</x><y>89</y></pt><pt><x>723</x><y>118</y></pt><pt><x>688</x><y>118</y></pt></polygon></object><object><name>1</name><deleted>0</deleted><verified>0</verified><occluded>no</occluded><attributes /><parts><hasparts /><ispartof /></parts><date>02-Apr-2017 18:18:48</date><id>1</id><type>bounding_box</type><polygon><username>anonymous</username><pt><x>616</x><y>293</y></pt><pt><x>652</x><y>293</y></pt><pt><x>652</x><y>326</y></pt><pt><x>616</x><y>326</y></pt></polygon></object><object><name>1</name><deleted>0</deleted><verified>0</verified><occluded>no</occluded><attributes /><parts><hasparts /><ispartof /></parts><date>02-Apr-2017 18:18:52</date><id>2</id><type>bounding_box</type><polygon><username>anonymous</username><pt><x>323</x><y>40</y></pt><pt><x>354</x><y>40</y></pt><pt><x>354</x><y>76</y></pt><pt><x>323</x><y>76</y></pt></polygon></object><object><name>1</name><deleted>0</deleted><verified>0</verified><occluded>no</occluded><attributes /><parts><hasparts /><ispartof /></parts><date>08-Apr-2017 03:50:38</date><id>3</id><type>bounding_box</type><polygon><username>gtc</username><pt><x>726</x><y>219</y></pt><pt><x>766</x><y>219</y></pt><pt><x>766</x><y>261</y></pt><pt><x>726</x><y>261</y></pt></polygon></object><object><name>1</name><deleted>0</deleted><verified>0</verified><occluded>no</occluded><attributes /><parts><hasparts /><ispartof /></parts><date>08-Apr-2017 03:51:07</date><id>4</id><type>bounding_box</type><polygon><username>gtc</username><pt><x>554</x><y>400</y></pt><pt><x>581</x><y>400</y></pt><pt><x>581</x><y>429</y></pt><pt><x>554</x><y>429</y></pt></polygon></object></annotation>