<annotation><filename>348.jpg</filename><folder>users/77880077//merge_new</folder><source><submittedBy>tianchengguo</submittedBy></source><imagesize><nrows>720</nrows><ncols>1280</ncols></imagesize><object><name>1</name><deleted>0</deleted><verified>0</verified><occluded>no</occluded><attributes /><parts><hasparts /><ispartof /></parts><date>02-Apr-2017 19:19:20</date><id>0</id><type>bounding_box</type><polygon><username>anonymous</username><pt><x>224</x><y>148</y></pt><pt><x>251</x><y>148</y></pt><pt><x>251</x><y>180</y></pt><pt><x>224</x><y>180</y></pt></polygon></object><object><name>1</name><deleted>0</deleted><verified>0</verified><occluded>no</occluded><attributes /><parts><hasparts /><ispartof /></parts><date>02-Apr-2017 19:19:22</date><id>1</id><type>bounding_box</type><polygon><username>anonymous</username><pt><x>490</x><y>37</y></pt><pt><x>515</x><y>37</y></pt><pt><x>515</x><y>68</y></pt><pt><x>490</x><y>68</y></pt></polygon></object><object><name>1</name><deleted>0</deleted><verified>0</verified><occluded>no</occluded><attributes /><parts><hasparts /><ispartof /></parts><date>02-Apr-2017 19:19:25</date><id>2</id><type>bounding_box</type><polygon><username>anonymous</username><pt><x>473</x><y>348</y></pt><pt><x>499</x><y>348</y></pt><pt><x>499</x><y>381</y></pt><pt><x>473</x><y>381</y></pt></polygon></object><object><name>1</name><deleted>0</deleted><verified>0</verified><occluded>no</occluded><attributes /><parts><hasparts /><ispartof /></parts><date>02-Apr-2017 19:19:27</date><id>3</id><type>bounding_box</type><polygon><username>anonymous</username><pt><x>645</x><y>326</y></pt><pt><x>668</x><y>326</y></pt><pt><x>668</x><y>362</y></pt><pt><x>645</x><y>362</y></pt></polygon></object><object><name>1</name><deleted>0</deleted><verified>0</verified><occluded>no</occluded><attributes /><parts><hasparts /><ispartof /></parts><date>02-Apr-2017 19:19:29</date><id>4</id><type>bounding_box</type><polygon><username>anonymous</username><pt><x>1067</x><y>270</y></pt><pt><x>1110</x><y>270</y></pt><pt><x>1110</x><y>298</y></pt><pt><x>1067</x><y>298</y></pt></polygon></object><object><name>1</name><deleted>0</deleted><verified>0</verified><occluded>no</occluded><attributes /><parts><hasparts /><ispartof /></parts><date>08-Apr-2017 04:49:42</date><id>5</id><type>bounding_box</type><polygon><username>gtc</username><pt><x>1075</x><y>177</y></pt><pt><x>1117</x><y>177</y></pt><pt><x>1117</x><y>208</y></pt><pt><x>1075</x><y>208</y></pt></polygon></object></annotation>