<annotation><filename>32.jpg</filename><folder>users/77880077//merge_new</folder><source><submittedBy>tianchengguo</submittedBy></source><imagesize><nrows>720</nrows><ncols>1280</ncols></imagesize><object><name>1</name><deleted>0</deleted><verified>0</verified><occluded>no</occluded><attributes /><parts><hasparts /><ispartof /></parts><date>02-Apr-2017 18:28:28</date><id>0</id><type>bounding_box</type><polygon><username>anonymous</username><pt><x>320</x><y>358</y></pt><pt><x>355</x><y>358</y></pt><pt><x>355</x><y>397</y></pt><pt><x>320</x><y>397</y></pt></polygon></object><object><name>1</name><deleted>0</deleted><verified>0</verified><occluded>no</occluded><attributes /><parts><hasparts /><ispartof /></parts><date>02-Apr-2017 18:28:30</date><id>1</id><type>bounding_box</type><polygon><username>anonymous</username><pt><x>693</x><y>311</y></pt><pt><x>727</x><y>311</y></pt><pt><x>727</x><y>355</y></pt><pt><x>693</x><y>355</y></pt></polygon></object><object><name>1</name><deleted>0</deleted><verified>0</verified><occluded>no</occluded><attributes /><parts><hasparts /><ispartof /></parts><date>02-Apr-2017 18:28:32</date><id>2</id><type>bounding_box</type><polygon><username>anonymous</username><pt><x>1039</x><y>207</y></pt><pt><x>1071</x><y>207</y></pt><pt><x>1071</x><y>252</y></pt><pt><x>1039</x><y>252</y></pt></polygon></object></annotation>