<annotation><filename>486.jpg</filename><folder>users/77880077//merge_new</folder><source><submittedBy>tianchengguo</submittedBy></source><imagesize><nrows>720</nrows><ncols>1280</ncols></imagesize><object><name>1</name><deleted>0</deleted><verified>0</verified><occluded>no</occluded><attributes /><parts><hasparts /><ispartof /></parts><date>02-Apr-2017 19:36:32</date><id>0</id><type>bounding_box</type><polygon><username>anonymous</username><pt><x>388</x><y>29</y></pt><pt><x>425</x><y>29</y></pt><pt><x>425</x><y>63</y></pt><pt><x>388</x><y>63</y></pt></polygon></object><object><name>1</name><deleted>0</deleted><verified>0</verified><occluded>no</occluded><attributes /><parts><hasparts /><ispartof /></parts><date>02-Apr-2017 19:36:34</date><id>1</id><type>bounding_box</type><polygon><username>anonymous</username><pt><x>755</x><y>103</y></pt><pt><x>789</x><y>103</y></pt><pt><x>789</x><y>140</y></pt><pt><x>755</x><y>140</y></pt></polygon></object><object><name>1</name><deleted>0</deleted><verified>0</verified><occluded>no</occluded><attributes /><parts><hasparts /><ispartof /></parts><date>08-Apr-2017 05:09:19</date><id>2</id><type>bounding_box</type><polygon><username>gtc</username><pt><x>657</x><y>111</y></pt><pt><x>704</x><y>111</y></pt><pt><x>704</x><y>146</y></pt><pt><x>657</x><y>146</y></pt></polygon></object></annotation>