<annotation><filename>378.jpg</filename><folder>users/77880077//merge_new</folder><source><submittedBy>tianchengguo</submittedBy></source><imagesize><nrows>720</nrows><ncols>1280</ncols></imagesize><object><name>1</name><deleted>0</deleted><verified>0</verified><occluded>no</occluded><attributes /><parts><hasparts /><ispartof /></parts><date>02-Apr-2017 19:22:52</date><id>0</id><type>bounding_box</type><polygon><username>anonymous</username><pt><x>208</x><y>214</y></pt><pt><x>239</x><y>214</y></pt><pt><x>239</x><y>249</y></pt><pt><x>208</x><y>249</y></pt></polygon></object><object><name>1</name><deleted>0</deleted><verified>0</verified><occluded>no</occluded><attributes /><parts><hasparts /><ispartof /></parts><date>02-Apr-2017 19:22:54</date><id>1</id><type>bounding_box</type><polygon><username>anonymous</username><pt><x>679</x><y>258</y></pt><pt><x>711</x><y>258</y></pt><pt><x>711</x><y>285</y></pt><pt><x>679</x><y>285</y></pt></polygon></object><object><name>1</name><deleted>0</deleted><verified>0</verified><occluded>no</occluded><attributes /><parts><hasparts /><ispartof /></parts><date>02-Apr-2017 19:22:57</date><id>2</id><type>bounding_box</type><polygon><username>anonymous</username><pt><x>1122</x><y>141</y></pt><pt><x>1144</x><y>141</y></pt><pt><x>1144</x><y>165</y></pt><pt><x>1122</x><y>165</y></pt></polygon></object><object><name>1</name><deleted>0</deleted><verified>0</verified><occluded>no</occluded><attributes /><parts><hasparts /><ispartof /></parts><date>02-Apr-2017 19:23:00</date><id>3</id><type>bounding_box</type><polygon><username>anonymous</username><pt><x>282</x><y>305</y></pt><pt><x>307</x><y>305</y></pt><pt><x>307</x><y>330</y></pt><pt><x>282</x><y>330</y></pt></polygon></object><object><name>1</name><deleted>0</deleted><verified>0</verified><occluded>no</occluded><attributes /><parts><hasparts /><ispartof /></parts><date>08-Apr-2017 04:53:58</date><id>4</id><type>bounding_box</type><polygon><username>gtc</username><pt><x>988</x><y>221</y></pt><pt><x>1026</x><y>221</y></pt><pt><x>1026</x><y>267</y></pt><pt><x>988</x><y>267</y></pt></polygon></object></annotation>