<annotation><filename>407.jpg</filename><folder>users/77880077//merge_new</folder><source><submittedBy>tianchengguo</submittedBy></source><imagesize><nrows>720</nrows><ncols>1280</ncols></imagesize><object><name>1</name><deleted>0</deleted><verified>0</verified><occluded>no</occluded><attributes /><parts><hasparts /><ispartof /></parts><date>02-Apr-2017 19:26:33</date><id>0</id><type>bounding_box</type><polygon><username>anonymous</username><pt><x>358</x><y>72</y></pt><pt><x>393</x><y>72</y></pt><pt><x>393</x><y>109</y></pt><pt><x>358</x><y>109</y></pt></polygon></object><object><name>1</name><deleted>0</deleted><verified>0</verified><occluded>no</occluded><attributes /><parts><hasparts /><ispartof /></parts><date>02-Apr-2017 19:26:35</date><id>1</id><type>bounding_box</type><polygon><username>anonymous</username><pt><x>638</x><y>275</y></pt><pt><x>673</x><y>275</y></pt><pt><x>673</x><y>306</y></pt><pt><x>638</x><y>306</y></pt></polygon></object><object><name>1</name><deleted>0</deleted><verified>0</verified><occluded>no</occluded><attributes /><parts><hasparts /><ispartof /></parts><date>02-Apr-2017 19:26:37</date><id>2</id><type>bounding_box</type><polygon><username>anonymous</username><pt><x>1044</x><y>117</y></pt><pt><x>1075</x><y>117</y></pt><pt><x>1075</x><y>154</y></pt><pt><x>1044</x><y>154</y></pt></polygon></object><object><name>1</name><deleted>0</deleted><verified>0</verified><occluded>no</occluded><attributes /><parts><hasparts /><ispartof /></parts><date>08-Apr-2017 04:57:31</date><id>3</id><type>bounding_box</type><polygon><username>gtc</username><pt><x>884</x><y>337</y></pt><pt><x>913</x><y>337</y></pt><pt><x>913</x><y>376</y></pt><pt><x>884</x><y>376</y></pt></polygon></object></annotation>