<annotation><filename>483.jpg</filename><folder>users/77880077//merge_new</folder><source><submittedBy>tianchengguo</submittedBy></source><imagesize><nrows>720</nrows><ncols>1280</ncols></imagesize><object><name>1</name><deleted>0</deleted><verified>0</verified><occluded>no</occluded><attributes /><parts><hasparts /><ispartof /></parts><date>02-Apr-2017 19:36:16</date><id>0</id><type>bounding_box</type><polygon><username>anonymous</username><pt><x>750</x><y>282</y></pt><pt><x>781</x><y>282</y></pt><pt><x>781</x><y>311</y></pt><pt><x>750</x><y>311</y></pt></polygon></object><object><name>1</name><deleted>0</deleted><verified>0</verified><occluded>no</occluded><attributes /><parts><hasparts /><ispartof /></parts><date>02-Apr-2017 19:36:18</date><id>1</id><type>bounding_box</type><polygon><username>anonymous</username><pt><x>67</x><y>257</y></pt><pt><x>93</x><y>257</y></pt><pt><x>93</x><y>283</y></pt><pt><x>67</x><y>283</y></pt></polygon></object><object><name>1</name><deleted>0</deleted><verified>0</verified><occluded>no</occluded><attributes /><parts><hasparts /><ispartof /></parts><date>08-Apr-2017 05:08:59</date><id>2</id><type>bounding_box</type><polygon><username>gtc</username><pt><x>993</x><y>319</y></pt><pt><x>1022</x><y>319</y></pt><pt><x>1022</x><y>346</y></pt><pt><x>993</x><y>346</y></pt></polygon></object><object><name>1</name><deleted>0</deleted><verified>0</verified><occluded>no</occluded><attributes /><parts><hasparts /><ispartof /></parts><date>08-Apr-2017 05:09:03</date><id>3</id><type>bounding_box</type><polygon><username>gtc</username><pt><x>1194</x><y>266</y></pt><pt><x>1231</x><y>266</y></pt><pt><x>1231</x><y>299</y></pt><pt><x>1194</x><y>299</y></pt></polygon></object></annotation>