<annotation><filename>27.jpg</filename><folder>users/77880077//merge_new</folder><source><submittedBy>tianchengguo</submittedBy></source><imagesize><nrows>720</nrows><ncols>1280</ncols></imagesize><object><name>1</name><deleted>0</deleted><verified>0</verified><occluded>no</occluded><attributes /><parts><hasparts /><ispartof /></parts><date>02-Apr-2017 18:27:27</date><id>0</id><type>bounding_box</type><polygon><username>anonymous</username><pt><x>121</x><y>64</y></pt><pt><x>155</x><y>64</y></pt><pt><x>155</x><y>103</y></pt><pt><x>121</x><y>103</y></pt></polygon></object><object><name>1</name><deleted>0</deleted><verified>0</verified><occluded>no</occluded><attributes /><parts><hasparts /><ispartof /></parts><date>02-Apr-2017 18:27:29</date><id>1</id><type>bounding_box</type><polygon><username>anonymous</username><pt><x>397</x><y>190</y></pt><pt><x>438</x><y>190</y></pt><pt><x>438</x><y>229</y></pt><pt><x>397</x><y>229</y></pt></polygon></object><object><name>1</name><deleted>0</deleted><verified>0</verified><occluded>no</occluded><attributes /><parts><hasparts /><ispartof /></parts><date>02-Apr-2017 18:27:32</date><id>2</id><type>bounding_box</type><polygon><username>anonymous</username><pt><x>753</x><y>137</y></pt><pt><x>802</x><y>137</y></pt><pt><x>802</x><y>185</y></pt><pt><x>753</x><y>185</y></pt></polygon></object><object><name>1</name><deleted>0</deleted><verified>0</verified><occluded>no</occluded><attributes /><parts><hasparts /><ispartof /></parts><date>02-Apr-2017 18:27:35</date><id>3</id><type>bounding_box</type><polygon><username>anonymous</username><pt><x>1033</x><y>147</y></pt><pt><x>1071</x><y>147</y></pt><pt><x>1071</x><y>185</y></pt><pt><x>1033</x><y>185</y></pt></polygon></object></annotation>