<annotation><filename>386.jpg</filename><folder>users/77880077//merge_new</folder><source><submittedBy>tianchengguo</submittedBy></source><imagesize><nrows>720</nrows><ncols>1280</ncols></imagesize><object><name>1</name><deleted>0</deleted><verified>0</verified><occluded>no</occluded><attributes /><parts><hasparts /><ispartof /></parts><date>02-Apr-2017 19:23:49</date><id>0</id><type>bounding_box</type><polygon><username>anonymous</username><pt><x>455</x><y>129</y></pt><pt><x>489</x><y>129</y></pt><pt><x>489</x><y>154</y></pt><pt><x>455</x><y>154</y></pt></polygon></object><object><name>1</name><deleted>0</deleted><verified>0</verified><occluded>no</occluded><attributes /><parts><hasparts /><ispartof /></parts><date>02-Apr-2017 19:23:51</date><id>1</id><type>bounding_box</type><polygon><username>anonymous</username><pt><x>612</x><y>106</y></pt><pt><x>638</x><y>106</y></pt><pt><x>638</x><y>129</y></pt><pt><x>612</x><y>129</y></pt></polygon></object><object><name>1</name><deleted>0</deleted><verified>0</verified><occluded>no</occluded><attributes /><parts><hasparts /><ispartof /></parts><date>02-Apr-2017 19:23:53</date><id>2</id><type>bounding_box</type><polygon><username>anonymous</username><pt><x>163</x><y>79</y></pt><pt><x>191</x><y>79</y></pt><pt><x>191</x><y>108</y></pt><pt><x>163</x><y>108</y></pt></polygon></object><object><name>1</name><deleted>0</deleted><verified>0</verified><occluded>no</occluded><attributes /><parts><hasparts /><ispartof /></parts><date>08-Apr-2017 04:54:54</date><id>3</id><type>bounding_box</type><polygon><username>gtc</username><pt><x>664</x><y>234</y></pt><pt><x>696</x><y>234</y></pt><pt><x>696</x><y>269</y></pt><pt><x>664</x><y>269</y></pt></polygon></object></annotation>