<annotation><filename>472.jpg</filename><folder>users/77880077//merge_new</folder><source><submittedBy>tianchengguo</submittedBy></source><imagesize><nrows>720</nrows><ncols>1280</ncols></imagesize><object><name>1</name><deleted>0</deleted><verified>0</verified><occluded>no</occluded><attributes /><parts><hasparts /><ispartof /></parts><date>02-Apr-2017 19:34:55</date><id>0</id><type>bounding_box</type><polygon><username>anonymous</username><pt><x>290</x><y>162</y></pt><pt><x>327</x><y>162</y></pt><pt><x>327</x><y>193</y></pt><pt><x>290</x><y>193</y></pt></polygon></object><object><name>1</name><deleted>0</deleted><verified>0</verified><occluded>no</occluded><attributes /><parts><hasparts /><ispartof /></parts><date>02-Apr-2017 19:34:57</date><id>1</id><type>bounding_box</type><polygon><username>anonymous</username><pt><x>831</x><y>190</y></pt><pt><x>870</x><y>190</y></pt><pt><x>870</x><y>229</y></pt><pt><x>831</x><y>229</y></pt></polygon></object></annotation>