<annotation><filename>411.jpg</filename><folder>users/77880077//merge_new</folder><source><submittedBy>tianchengguo</submittedBy></source><imagesize><nrows>720</nrows><ncols>1280</ncols></imagesize><object><name>1</name><deleted>0</deleted><verified>0</verified><occluded>no</occluded><attributes /><parts><hasparts /><ispartof /></parts><date>02-Apr-2017 19:27:05</date><id>0</id><type>bounding_box</type><polygon><username>anonymous</username><pt><x>564</x><y>222</y></pt><pt><x>602</x><y>222</y></pt><pt><x>602</x><y>259</y></pt><pt><x>564</x><y>259</y></pt></polygon></object><object><name>1</name><deleted>0</deleted><verified>0</verified><occluded>no</occluded><attributes /><parts><hasparts /><ispartof /></parts><date>02-Apr-2017 19:27:08</date><id>1</id><type>bounding_box</type><polygon><username>anonymous</username><pt><x>950</x><y>111</y></pt><pt><x>1002</x><y>111</y></pt><pt><x>1002</x><y>150</y></pt><pt><x>950</x><y>150</y></pt></polygon></object><object><name>1</name><deleted>0</deleted><verified>0</verified><occluded>no</occluded><attributes /><parts><hasparts /><ispartof /></parts><date>08-Apr-2017 04:57:55</date><id>2</id><type>bounding_box</type><polygon><username>gtc</username><pt><x>824</x><y>300</y></pt><pt><x>862</x><y>300</y></pt><pt><x>862</x><y>328</y></pt><pt><x>824</x><y>328</y></pt></polygon></object><object><name>1</name><deleted>0</deleted><verified>0</verified><occluded>no</occluded><attributes /><parts><hasparts /><ispartof /></parts><date>08-Apr-2017 04:57:57</date><id>3</id><type>bounding_box</type><polygon><username>gtc</username><pt><x>770</x><y>386</y></pt><pt><x>800</x><y>386</y></pt><pt><x>800</x><y>412</y></pt><pt><x>770</x><y>412</y></pt></polygon></object><object><name>1</name><deleted>0</deleted><verified>0</verified><occluded>no</occluded><attributes /><parts><hasparts /><ispartof /></parts><date>08-Apr-2017 04:58:00</date><id>4</id><type>bounding_box</type><polygon><username>gtc</username><pt><x>641</x><y>430</y></pt><pt><x>667</x><y>430</y></pt><pt><x>667</x><y>470</y></pt><pt><x>641</x><y>470</y></pt></polygon></object><object><name>1</name><deleted>0</deleted><verified>0</verified><occluded>no</occluded><attributes /><parts><hasparts /><ispartof /></parts><date>08-Apr-2017 04:58:57</date><id>5</id><type>bounding_box</type><polygon><username>gtc</username><pt><x>1227</x><y>295</y></pt><pt><x>1257</x><y>295</y></pt><pt><x>1257</x><y>336</y></pt><pt><x>1227</x><y>336</y></pt></polygon></object></annotation>