<annotation><filename>382.jpg</filename><folder>users/77880077//merge_new</folder><source><submittedBy>tianchengguo</submittedBy></source><imagesize><nrows>720</nrows><ncols>1280</ncols></imagesize><object><name>1</name><deleted>0</deleted><verified>0</verified><occluded>no</occluded><attributes /><parts><hasparts /><ispartof /></parts><date>02-Apr-2017 19:23:18</date><id>0</id><type>bounding_box</type><polygon><username>anonymous</username><pt><x>107</x><y>131</y></pt><pt><x>137</x><y>131</y></pt><pt><x>137</x><y>156</y></pt><pt><x>107</x><y>156</y></pt></polygon></object><object><name>1</name><deleted>0</deleted><verified>0</verified><occluded>no</occluded><attributes /><parts><hasparts /><ispartof /></parts><date>02-Apr-2017 19:23:20</date><id>1</id><type>bounding_box</type><polygon><username>anonymous</username><pt><x>268</x><y>229</y></pt><pt><x>288</x><y>229</y></pt><pt><x>288</x><y>259</y></pt><pt><x>268</x><y>259</y></pt></polygon></object><object><name>1</name><deleted>0</deleted><verified>0</verified><occluded>no</occluded><attributes /><parts><hasparts /><ispartof /></parts><date>02-Apr-2017 19:23:22</date><id>2</id><type>bounding_box</type><polygon><username>anonymous</username><pt><x>445</x><y>261</y></pt><pt><x>480</x><y>261</y></pt><pt><x>480</x><y>283</y></pt><pt><x>445</x><y>283</y></pt></polygon></object><object><name>1</name><deleted>0</deleted><verified>0</verified><occluded>no</occluded><attributes /><parts><hasparts /><ispartof /></parts><date>02-Apr-2017 19:23:23</date><id>3</id><type>bounding_box</type><polygon><username>anonymous</username><pt><x>1112</x><y>214</y></pt><pt><x>1157</x><y>214</y></pt><pt><x>1157</x><y>259</y></pt><pt><x>1112</x><y>259</y></pt></polygon></object></annotation>