<annotation><filename>51.jpg</filename><folder>users/77880077//merge_new</folder><source><submittedBy>tianchengguo</submittedBy></source><imagesize><nrows>720</nrows><ncols>1280</ncols></imagesize><object><name>1</name><deleted>0</deleted><verified>0</verified><occluded>no</occluded><attributes /><parts><hasparts /><ispartof /></parts><date>02-Apr-2017 18:32:05</date><id>0</id><type>bounding_box</type><polygon><username>anonymous</username><pt><x>123</x><y>263</y></pt><pt><x>158</x><y>263</y></pt><pt><x>158</x><y>309</y></pt><pt><x>123</x><y>309</y></pt></polygon></object><object><name>1</name><deleted>0</deleted><verified>0</verified><occluded>no</occluded><attributes /><parts><hasparts /><ispartof /></parts><date>02-Apr-2017 18:32:07</date><id>1</id><type>bounding_box</type><polygon><username>anonymous</username><pt><x>1107</x><y>198</y></pt><pt><x>1141</x><y>198</y></pt><pt><x>1141</x><y>246</y></pt><pt><x>1107</x><y>246</y></pt></polygon></object></annotation>