<annotation><filename>395.jpg</filename><folder>users/77880077//merge_new</folder><source><submittedBy>tianchengguo</submittedBy></source><imagesize><nrows>720</nrows><ncols>1280</ncols></imagesize><object><name>1</name><deleted>0</deleted><verified>0</verified><occluded>no</occluded><attributes /><parts><hasparts /><ispartof /></parts><date>02-Apr-2017 19:25:08</date><id>0</id><type>bounding_box</type><polygon><username>anonymous</username><pt><x>124</x><y>37</y></pt><pt><x>153</x><y>37</y></pt><pt><x>153</x><y>68</y></pt><pt><x>124</x><y>68</y></pt></polygon></object><object><name>1</name><deleted>0</deleted><verified>0</verified><occluded>no</occluded><attributes /><parts><hasparts /><ispartof /></parts><date>02-Apr-2017 19:25:10</date><id>1</id><type>bounding_box</type><polygon><username>anonymous</username><pt><x>398</x><y>220</y></pt><pt><x>441</x><y>220</y></pt><pt><x>441</x><y>255</y></pt><pt><x>398</x><y>255</y></pt></polygon></object></annotation>