<annotation><filename>54.jpg</filename><folder>users/77880077//merge_new</folder><source><submittedBy>tianchengguo</submittedBy></source><imagesize><nrows>720</nrows><ncols>1280</ncols></imagesize><object><name>1</name><deleted>0</deleted><verified>0</verified><occluded>no</occluded><attributes /><parts><hasparts /><ispartof /></parts><date>02-Apr-2017 18:32:24</date><id>0</id><type>bounding_box</type><polygon><username>anonymous</username><pt><x>351</x><y>193</y></pt><pt><x>393</x><y>193</y></pt><pt><x>393</x><y>237</y></pt><pt><x>351</x><y>237</y></pt></polygon></object><object><name>1</name><deleted>0</deleted><verified>0</verified><occluded>no</occluded><attributes /><parts><hasparts /><ispartof /></parts><date>02-Apr-2017 18:32:26</date><id>1</id><type>bounding_box</type><polygon><username>anonymous</username><pt><x>475</x><y>204</y></pt><pt><x>519</x><y>204</y></pt><pt><x>519</x><y>250</y></pt><pt><x>475</x><y>250</y></pt></polygon></object><object><name>1</name><deleted>0</deleted><verified>0</verified><occluded>no</occluded><attributes /><parts><hasparts /><ispartof /></parts><date>02-Apr-2017 18:32:28</date><id>2</id><type>bounding_box</type><polygon><username>anonymous</username><pt><x>710</x><y>68</y></pt><pt><x>745</x><y>68</y></pt><pt><x>745</x><y>115</y></pt><pt><x>710</x><y>115</y></pt></polygon></object><object><name>1</name><deleted>0</deleted><verified>0</verified><occluded>no</occluded><attributes /><parts><hasparts /><ispartof /></parts><date>02-Apr-2017 18:32:31</date><id>3</id><type>bounding_box</type><polygon><username>anonymous</username><pt><x>1037</x><y>115</y></pt><pt><x>1087</x><y>115</y></pt><pt><x>1087</x><y>158</y></pt><pt><x>1037</x><y>158</y></pt></polygon></object></annotation>