<annotation><filename>499.jpg</filename><folder>users/77880077//merge_new</folder><source><submittedBy>tianchengguo</submittedBy></source><imagesize><nrows>720</nrows><ncols>1280</ncols></imagesize><object><name>1</name><deleted>0</deleted><verified>0</verified><occluded>no</occluded><attributes /><parts><hasparts /><ispartof /></parts><date>02-Apr-2017 19:38:04</date><id>0</id><type>bounding_box</type><polygon><username>anonymous</username><pt><x>567</x><y>367</y></pt><pt><x>602</x><y>367</y></pt><pt><x>602</x><y>410</y></pt><pt><x>567</x><y>410</y></pt></polygon></object><object><name>1</name><deleted>0</deleted><verified>0</verified><occluded>no</occluded><attributes /><parts><hasparts /><ispartof /></parts><date>02-Apr-2017 19:38:07</date><id>1</id><type>bounding_box</type><polygon><username>anonymous</username><pt><x>1051</x><y>354</y></pt><pt><x>1081</x><y>354</y></pt><pt><x>1081</x><y>393</y></pt><pt><x>1051</x><y>393</y></pt></polygon></object><object><name>1</name><deleted>0</deleted><verified>0</verified><occluded>no</occluded><attributes /><parts><hasparts /><ispartof /></parts><date>02-Apr-2017 19:38:09</date><id>2</id><type>bounding_box</type><polygon><username>anonymous</username><pt><x>1171</x><y>204</y></pt><pt><x>1201</x><y>204</y></pt><pt><x>1201</x><y>237</y></pt><pt><x>1171</x><y>237</y></pt></polygon></object><object><name>1</name><deleted>0</deleted><verified>0</verified><occluded>no</occluded><attributes /><parts><hasparts /><ispartof /></parts><date>02-Apr-2017 19:38:12</date><id>3</id><type>bounding_box</type><polygon><username>anonymous</username><pt><x>919</x><y>319</y></pt><pt><x>953</x><y>319</y></pt><pt><x>953</x><y>358</y></pt><pt><x>919</x><y>358</y></pt></polygon></object><object><name>1</name><deleted>0</deleted><verified>0</verified><occluded>no</occluded><attributes /><parts><hasparts /><ispartof /></parts><date>08-Apr-2017 05:11:02</date><id>4</id><type>bounding_box</type><polygon><username>gtc</username><pt><x>329</x><y>266</y></pt><pt><x>378</x><y>266</y></pt><pt><x>378</x><y>299</y></pt><pt><x>329</x><y>299</y></pt></polygon></object><object><name>1</name><deleted>0</deleted><verified>0</verified><occluded>no</occluded><attributes /><parts><hasparts /><ispartof /></parts><date>08-Apr-2017 05:11:04</date><id>5</id><type>bounding_box</type><polygon><username>gtc</username><pt><x>529</x><y>116</y></pt><pt><x>571</x><y>116</y></pt><pt><x>571</x><y>165</y></pt><pt><x>529</x><y>165</y></pt></polygon></object></annotation>