<annotation><filename>432.jpg</filename><folder>users/77880077//merge_new</folder><source><submittedBy>tianchengguo</submittedBy></source><imagesize><nrows>720</nrows><ncols>1280</ncols></imagesize><object><name>1</name><deleted>0</deleted><verified>0</verified><occluded>no</occluded><attributes /><parts><hasparts /><ispartof /></parts><date>02-Apr-2017 19:29:55</date><id>0</id><type>bounding_box</type><polygon><username>anonymous</username><pt><x>174</x><y>153</y></pt><pt><x>216</x><y>153</y></pt><pt><x>216</x><y>189</y></pt><pt><x>174</x><y>189</y></pt></polygon></object><object><name>1</name><deleted>0</deleted><verified>0</verified><occluded>no</occluded><attributes /><parts><hasparts /><ispartof /></parts><date>02-Apr-2017 19:29:58</date><id>1</id><type>bounding_box</type><polygon><username>anonymous</username><pt><x>1099</x><y>235</y></pt><pt><x>1132</x><y>235</y></pt><pt><x>1132</x><y>274</y></pt><pt><x>1099</x><y>274</y></pt></polygon></object><object><name>1</name><deleted>0</deleted><verified>0</verified><occluded>no</occluded><attributes /><parts><hasparts /><ispartof /></parts><date>08-Apr-2017 05:01:20</date><id>2</id><type>bounding_box</type><polygon><username>gtc</username><pt><x>530</x><y>207</y></pt><pt><x>568</x><y>207</y></pt><pt><x>568</x><y>241</y></pt><pt><x>530</x><y>241</y></pt></polygon></object><object><name>1</name><deleted>0</deleted><verified>0</verified><occluded>no</occluded><attributes /><parts><hasparts /><ispartof /></parts><date>08-Apr-2017 05:01:22</date><id>3</id><type>bounding_box</type><polygon><username>gtc</username><pt><x>817</x><y>189</y></pt><pt><x>855</x><y>189</y></pt><pt><x>855</x><y>220</y></pt><pt><x>817</x><y>220</y></pt></polygon></object></annotation>