<annotation><filename>11.jpg</filename><folder>users/77880077//merge_new</folder><source><submittedBy>tianchengguo</submittedBy></source><imagesize><nrows>720</nrows><ncols>1280</ncols></imagesize><object><name>1</name><deleted>0</deleted><verified>0</verified><occluded>no</occluded><attributes /><parts><hasparts /><ispartof /></parts><date>02-Apr-2017 18:20:53</date><id>0</id><type>bounding_box</type><polygon><username>anonymous</username><pt><x>386</x><y>261</y></pt><pt><x>419</x><y>261</y></pt><pt><x>419</x><y>294</y></pt><pt><x>386</x><y>294</y></pt></polygon></object><object><name>1</name><deleted>0</deleted><verified>0</verified><occluded>no</occluded><attributes /><parts><hasparts /><ispartof /></parts><date>02-Apr-2017 18:20:55</date><id>1</id><type>bounding_box</type><polygon><username>anonymous</username><pt><x>621</x><y>381</y></pt><pt><x>654</x><y>381</y></pt><pt><x>654</x><y>411</y></pt><pt><x>621</x><y>411</y></pt></polygon></object><object><name>1</name><deleted>0</deleted><verified>0</verified><occluded>no</occluded><attributes /><parts><hasparts /><ispartof /></parts><date>02-Apr-2017 18:20:58</date><id>2</id><type>bounding_box</type><polygon><username>anonymous</username><pt><x>1088</x><y>236</y></pt><pt><x>1120</x><y>236</y></pt><pt><x>1120</x><y>271</y></pt><pt><x>1088</x><y>271</y></pt></polygon></object><object><name>1</name><deleted>0</deleted><verified>0</verified><occluded>no</occluded><attributes /><parts><hasparts /><ispartof /></parts><date>02-Apr-2017 18:21:01</date><id>3</id><type>bounding_box</type><polygon><username>anonymous</username><pt><x>1053</x><y>381</y></pt><pt><x>1084</x><y>381</y></pt><pt><x>1084</x><y>410</y></pt><pt><x>1053</x><y>410</y></pt></polygon></object><object><name>1</name><deleted>0</deleted><verified>0</verified><occluded>no</occluded><attributes /><parts><hasparts /><ispartof /></parts><date>08-Apr-2017 03:53:36</date><id>4</id><type>bounding_box</type><polygon><username>gtc</username><pt><x>894</x><y>411</y></pt><pt><x>922</x><y>411</y></pt><pt><x>922</x><y>439</y></pt><pt><x>894</x><y>439</y></pt></polygon></object></annotation>