<annotation><filename>478.jpg</filename><folder>users/77880077//merge_new</folder><source><submittedBy>tianchengguo</submittedBy></source><imagesize><nrows>720</nrows><ncols>1280</ncols></imagesize><object><name>1</name><deleted>0</deleted><verified>0</verified><occluded>no</occluded><attributes /><parts><hasparts /><ispartof /></parts><date>02-Apr-2017 19:35:30</date><id>0</id><type>bounding_box</type><polygon><username>anonymous</username><pt><x>298</x><y>127</y></pt><pt><x>330</x><y>127</y></pt><pt><x>330</x><y>167</y></pt><pt><x>298</x><y>167</y></pt></polygon></object><object><name>1</name><deleted>0</deleted><verified>0</verified><occluded>no</occluded><attributes /><parts><hasparts /><ispartof /></parts><date>02-Apr-2017 19:35:33</date><id>1</id><type>bounding_box</type><polygon><username>anonymous</username><pt><x>701</x><y>355</y></pt><pt><x>742</x><y>355</y></pt><pt><x>742</x><y>389</y></pt><pt><x>701</x><y>389</y></pt></polygon></object><object><name>1</name><deleted>0</deleted><verified>0</verified><occluded>no</occluded><attributes /><parts><hasparts /><ispartof /></parts><date>08-Apr-2017 05:08:08</date><id>2</id><type>bounding_box</type><polygon><username>gtc</username><pt><x>1025</x><y>165</y></pt><pt><x>1063</x><y>165</y></pt><pt><x>1063</x><y>200</y></pt><pt><x>1025</x><y>200</y></pt></polygon></object></annotation>