<annotation><filename>417.jpg</filename><folder>users/77880077//merge_new</folder><source><submittedBy>tianchengguo</submittedBy></source><imagesize><nrows>720</nrows><ncols>1280</ncols></imagesize><object><name>1</name><deleted>0</deleted><verified>0</verified><occluded>no</occluded><attributes /><parts><hasparts /><ispartof /></parts><date>02-Apr-2017 19:27:56</date><id>0</id><type>bounding_box</type><polygon><username>anonymous</username><pt><x>560</x><y>303</y></pt><pt><x>597</x><y>303</y></pt><pt><x>597</x><y>343</y></pt><pt><x>560</x><y>343</y></pt></polygon></object><object><name>1</name><deleted>0</deleted><verified>0</verified><occluded>no</occluded><attributes /><parts><hasparts /><ispartof /></parts><date>02-Apr-2017 19:27:59</date><id>1</id><type>bounding_box</type><polygon><username>anonymous</username><pt><x>507</x><y>215</y></pt><pt><x>540</x><y>215</y></pt><pt><x>540</x><y>249</y></pt><pt><x>507</x><y>249</y></pt></polygon></object><object><name>1</name><deleted>0</deleted><verified>0</verified><occluded>no</occluded><attributes /><parts><hasparts /><ispartof /></parts><date>08-Apr-2017 04:59:44</date><id>2</id><type>bounding_box</type><polygon><username>gtc</username><pt><x>711</x><y>304</y></pt><pt><x>733</x><y>304</y></pt><pt><x>733</x><y>336</y></pt><pt><x>711</x><y>336</y></pt></polygon></object></annotation>