<annotation><filename>15.jpg</filename><folder>users/77880077//merge_new</folder><source><submittedBy>tianchengguo</submittedBy></source><imagesize><nrows>720</nrows><ncols>1280</ncols></imagesize><object><name>1</name><deleted>0</deleted><verified>0</verified><occluded>no</occluded><attributes /><parts><hasparts /><ispartof /></parts><date>02-Apr-2017 18:21:44</date><id>0</id><type>bounding_box</type><polygon><username>anonymous</username><pt><x>580</x><y>85</y></pt><pt><x>613</x><y>85</y></pt><pt><x>613</x><y>123</y></pt><pt><x>580</x><y>123</y></pt></polygon></object><object><name>1</name><deleted>0</deleted><verified>0</verified><occluded>no</occluded><attributes /><parts><hasparts /><ispartof /></parts><date>02-Apr-2017 18:21:47</date><id>1</id><type>bounding_box</type><polygon><username>anonymous</username><pt><x>1080</x><y>14</y></pt><pt><x>1114</x><y>14</y></pt><pt><x>1114</x><y>45</y></pt><pt><x>1080</x><y>45</y></pt></polygon></object></annotation>