<annotation><filename>33.jpg</filename><folder>users/77880077//merge_new</folder><source><submittedBy>tianchengguo</submittedBy></source><imagesize><nrows>720</nrows><ncols>1280</ncols></imagesize><object><name>1</name><deleted>0</deleted><verified>0</verified><occluded>no</occluded><attributes /><parts><hasparts /><ispartof /></parts><date>02-Apr-2017 18:28:36</date><id>0</id><type>bounding_box</type><polygon><username>anonymous</username><pt><x>606</x><y>60</y></pt><pt><x>646</x><y>60</y></pt><pt><x>646</x><y>101</y></pt><pt><x>606</x><y>101</y></pt></polygon></object><object><name>1</name><deleted>0</deleted><verified>0</verified><occluded>no</occluded><attributes /><parts><hasparts /><ispartof /></parts><date>02-Apr-2017 18:28:39</date><id>1</id><type>bounding_box</type><polygon><username>anonymous</username><pt><x>194</x><y>2</y></pt><pt><x>236</x><y>2</y></pt><pt><x>236</x><y>37</y></pt><pt><x>194</x><y>37</y></pt></polygon></object><object><name>1</name><deleted>0</deleted><verified>0</verified><occluded>no</occluded><attributes /><parts><hasparts /><ispartof /></parts><date>02-Apr-2017 18:28:42</date><id>2</id><type>bounding_box</type><polygon><username>anonymous</username><pt><x>426</x><y>271</y></pt><pt><x>475</x><y>271</y></pt><pt><x>475</x><y>322</y></pt><pt><x>426</x><y>322</y></pt></polygon></object><object><name>1</name><deleted>0</deleted><verified>0</verified><occluded>no</occluded><attributes /><parts><hasparts /><ispartof /></parts><date>02-Apr-2017 18:28:48</date><id>3</id><type>bounding_box</type><polygon><username>anonymous</username><pt><x>1183</x><y>89</y></pt><pt><x>1202</x><y>89</y></pt><pt><x>1202</x><y>124</y></pt><pt><x>1183</x><y>124</y></pt></polygon></object><object><name>1</name><deleted>0</deleted><verified>0</verified><occluded>no</occluded><attributes /><parts><hasparts /><ispartof /></parts><date>02-Apr-2017 18:28:52</date><id>4</id><type>bounding_box</type><polygon><username>anonymous</username><pt><x>1206</x><y>103</y></pt><pt><x>1235</x><y>103</y></pt><pt><x>1235</x><y>136</y></pt><pt><x>1206</x><y>136</y></pt></polygon></object><object><name>1</name><deleted>0</deleted><verified>0</verified><occluded>no</occluded><attributes /><parts><hasparts /><ispartof /></parts><date>08-Apr-2017 03:58:21</date><id>5</id><type>bounding_box</type><polygon><username>gtc</username><pt><x>1117</x><y>341</y></pt><pt><x>1141</x><y>341</y></pt><pt><x>1141</x><y>369</y></pt><pt><x>1117</x><y>369</y></pt></polygon></object></annotation>