<annotation><filename>456.jpg</filename><folder>users/77880077//merge_new</folder><source><submittedBy>tianchengguo</submittedBy></source><imagesize><nrows>720</nrows><ncols>1280</ncols></imagesize><object><name>1</name><deleted>0</deleted><verified>0</verified><occluded>no</occluded><attributes /><parts><hasparts /><ispartof /></parts><date>02-Apr-2017 19:32:53</date><id>0</id><type>bounding_box</type><polygon><username>anonymous</username><pt><x>185</x><y>254</y></pt><pt><x>202</x><y>254</y></pt><pt><x>202</x><y>280</y></pt><pt><x>185</x><y>280</y></pt></polygon></object><object><name>1</name><deleted>0</deleted><verified>0</verified><occluded>no</occluded><attributes /><parts><hasparts /><ispartof /></parts><date>02-Apr-2017 19:32:55</date><id>1</id><type>bounding_box</type><polygon><username>anonymous</username><pt><x>657</x><y>209</y></pt><pt><x>697</x><y>209</y></pt><pt><x>697</x><y>243</y></pt><pt><x>657</x><y>243</y></pt></polygon></object><object><name>1</name><deleted>0</deleted><verified>0</verified><occluded>no</occluded><attributes /><parts><hasparts /><ispartof /></parts><date>02-Apr-2017 19:32:58</date><id>2</id><type>bounding_box</type><polygon><username>anonymous</username><pt><x>849</x><y>262</y></pt><pt><x>874</x><y>262</y></pt><pt><x>874</x><y>284</y></pt><pt><x>849</x><y>284</y></pt></polygon></object></annotation>