<annotation><filename>40.jpg</filename><folder>users/77880077//merge_new</folder><source><submittedBy>tianchengguo</submittedBy></source><imagesize><nrows>720</nrows><ncols>1280</ncols></imagesize><object><name>1</name><deleted>0</deleted><verified>0</verified><occluded>no</occluded><attributes /><parts><hasparts /><ispartof /></parts><date>02-Apr-2017 18:30:02</date><id>0</id><type>bounding_box</type><polygon><username>anonymous</username><pt><x>501</x><y>358</y></pt><pt><x>543</x><y>358</y></pt><pt><x>543</x><y>397</y></pt><pt><x>501</x><y>397</y></pt></polygon></object><object><name>1</name><deleted>0</deleted><verified>0</verified><occluded>no</occluded><attributes /><parts><hasparts /><ispartof /></parts><date>02-Apr-2017 18:30:04</date><id>1</id><type>bounding_box</type><polygon><username>anonymous</username><pt><x>782</x><y>171</y></pt><pt><x>817</x><y>171</y></pt><pt><x>817</x><y>220</y></pt><pt><x>782</x><y>220</y></pt></polygon></object><object><name>1</name><deleted>0</deleted><verified>0</verified><occluded>no</occluded><attributes /><parts><hasparts /><ispartof /></parts><date>08-Apr-2017 03:59:26</date><id>2</id><type>bounding_box</type><polygon><username>gtc</username><pt><x>970</x><y>341</y></pt><pt><x>999</x><y>341</y></pt><pt><x>999</x><y>386</y></pt><pt><x>970</x><y>386</y></pt></polygon></object></annotation>