<annotation><filename>385.jpg</filename><folder>users/77880077//merge_new</folder><source><submittedBy>tianchengguo</submittedBy></source><imagesize><nrows>720</nrows><ncols>1280</ncols></imagesize><object><name>1</name><deleted>0</deleted><verified>0</verified><occluded>no</occluded><attributes /><parts><hasparts /><ispartof /></parts><date>02-Apr-2017 19:23:39</date><id>0</id><type>bounding_box</type><polygon><username>anonymous</username><pt><x>332</x><y>268</y></pt><pt><x>358</x><y>268</y></pt><pt><x>358</x><y>289</y></pt><pt><x>332</x><y>289</y></pt></polygon></object><object><name>1</name><deleted>0</deleted><verified>0</verified><occluded>no</occluded><attributes /><parts><hasparts /><ispartof /></parts><date>02-Apr-2017 19:23:40</date><id>1</id><type>bounding_box</type><polygon><username>anonymous</username><pt><x>408</x><y>324</y></pt><pt><x>435</x><y>324</y></pt><pt><x>435</x><y>354</y></pt><pt><x>408</x><y>354</y></pt></polygon></object><object><name>1</name><deleted>0</deleted><verified>0</verified><occluded>no</occluded><attributes /><parts><hasparts /><ispartof /></parts><date>02-Apr-2017 19:23:42</date><id>2</id><type>bounding_box</type><polygon><username>anonymous</username><pt><x>550</x><y>369</y></pt><pt><x>577</x><y>369</y></pt><pt><x>577</x><y>398</y></pt><pt><x>550</x><y>398</y></pt></polygon></object><object><name>1</name><deleted>0</deleted><verified>0</verified><occluded>no</occluded><attributes /><parts><hasparts /><ispartof /></parts><date>02-Apr-2017 19:23:44</date><id>3</id><type>bounding_box</type><polygon><username>anonymous</username><pt><x>705</x><y>142</y></pt><pt><x>733</x><y>142</y></pt><pt><x>733</x><y>175</y></pt><pt><x>705</x><y>175</y></pt></polygon></object><object><name>1</name><deleted>0</deleted><verified>0</verified><occluded>no</occluded><attributes /><parts><hasparts /><ispartof /></parts><date>08-Apr-2017 04:54:46</date><id>4</id><type>bounding_box</type><polygon><username>gtc</username><pt><x>867</x><y>79</y></pt><pt><x>903</x><y>79</y></pt><pt><x>903</x><y>106</y></pt><pt><x>867</x><y>106</y></pt></polygon></object><object><name>1</name><deleted>0</deleted><verified>0</verified><occluded>no</occluded><attributes /><parts><hasparts /><ispartof /></parts><date>08-Apr-2017 04:54:48</date><id>5</id><type>bounding_box</type><polygon><username>gtc</username><pt><x>994</x><y>57</y></pt><pt><x>1041</x><y>57</y></pt><pt><x>1041</x><y>94</y></pt><pt><x>994</x><y>94</y></pt></polygon></object></annotation>