<annotation><filename>451.jpg</filename><folder>users/77880077//merge_new</folder><source><submittedBy>tianchengguo</submittedBy></source><imagesize><nrows>720</nrows><ncols>1280</ncols></imagesize><object><name>1</name><deleted>0</deleted><verified>0</verified><occluded>no</occluded><attributes /><parts><hasparts /><ispartof /></parts><date>02-Apr-2017 19:32:05</date><id>0</id><type>bounding_box</type><polygon><username>anonymous</username><pt><x>465</x><y>138</y></pt><pt><x>495</x><y>138</y></pt><pt><x>495</x><y>176</y></pt><pt><x>465</x><y>176</y></pt></polygon></object><object><name>1</name><deleted>0</deleted><verified>0</verified><occluded>no</occluded><attributes /><parts><hasparts /><ispartof /></parts><date>02-Apr-2017 19:32:07</date><id>1</id><type>bounding_box</type><polygon><username>anonymous</username><pt><x>782</x><y>167</y></pt><pt><x>808</x><y>167</y></pt><pt><x>808</x><y>201</y></pt><pt><x>782</x><y>201</y></pt></polygon></object><object><name>1</name><deleted>0</deleted><verified>0</verified><occluded>no</occluded><attributes /><parts><hasparts /><ispartof /></parts><date>02-Apr-2017 19:32:09</date><id>2</id><type>bounding_box</type><polygon><username>anonymous</username><pt><x>290</x><y>467</y></pt><pt><x>320</x><y>467</y></pt><pt><x>320</x><y>501</y></pt><pt><x>290</x><y>501</y></pt></polygon></object><object><name>1</name><deleted>0</deleted><verified>0</verified><occluded>no</occluded><attributes /><parts><hasparts /><ispartof /></parts><date>02-Apr-2017 19:32:11</date><id>3</id><type>bounding_box</type><polygon><username>anonymous</username><pt><x>336</x><y>526</y></pt><pt><x>368</x><y>526</y></pt><pt><x>368</x><y>563</y></pt><pt><x>336</x><y>563</y></pt></polygon></object></annotation>