<annotation><filename>383.jpg</filename><folder>users/77880077//merge_new</folder><source><submittedBy>tianchengguo</submittedBy></source><imagesize><nrows>720</nrows><ncols>1280</ncols></imagesize><object><name>1</name><deleted>0</deleted><verified>0</verified><occluded>no</occluded><attributes /><parts><hasparts /><ispartof /></parts><date>02-Apr-2017 19:23:27</date><id>0</id><type>bounding_box</type><polygon><username>anonymous</username><pt><x>419</x><y>362</y></pt><pt><x>447</x><y>362</y></pt><pt><x>447</x><y>389</y></pt><pt><x>419</x><y>389</y></pt></polygon></object></annotation>