<annotation><filename>449.jpg</filename><folder>users/77880077//merge_new</folder><source><submittedBy>tianchengguo</submittedBy></source><imagesize><nrows>720</nrows><ncols>1280</ncols></imagesize><object><name>1</name><deleted>0</deleted><verified>0</verified><occluded>no</occluded><attributes /><parts><hasparts /><ispartof /></parts><date>02-Apr-2017 19:31:54</date><id>0</id><type>bounding_box</type><polygon><username>anonymous</username><pt><x>623</x><y>103</y></pt><pt><x>658</x><y>103</y></pt><pt><x>658</x><y>136</y></pt><pt><x>623</x><y>136</y></pt></polygon></object><object><name>1</name><deleted>0</deleted><verified>0</verified><occluded>no</occluded><attributes /><parts><hasparts /><ispartof /></parts><date>02-Apr-2017 19:31:56</date><id>1</id><type>bounding_box</type><polygon><username>anonymous</username><pt><x>716</x><y>111</y></pt><pt><x>754</x><y>111</y></pt><pt><x>754</x><y>148</y></pt><pt><x>716</x><y>148</y></pt></polygon></object><object><name>1</name><deleted>0</deleted><verified>0</verified><occluded>no</occluded><attributes /><parts><hasparts /><ispartof /></parts><date>08-Apr-2017 05:03:51</date><id>2</id><type>bounding_box</type><polygon><username>gtc</username><pt><x>378</x><y>57</y></pt><pt><x>411</x><y>57</y></pt><pt><x>411</x><y>92</y></pt><pt><x>378</x><y>92</y></pt></polygon></object><object><name>1</name><deleted>0</deleted><verified>0</verified><occluded>no</occluded><attributes /><parts><hasparts /><ispartof /></parts><date>08-Apr-2017 05:03:55</date><id>3</id><type>bounding_box</type><polygon><username>gtc</username><pt><x>806</x><y>41</y></pt><pt><x>846</x><y>41</y></pt><pt><x>846</x><y>71</y></pt><pt><x>806</x><y>71</y></pt></polygon></object></annotation>