<annotation><filename>455.jpg</filename><folder>users/77880077//merge_new</folder><source><submittedBy>tianchengguo</submittedBy></source><imagesize><nrows>720</nrows><ncols>1280</ncols></imagesize><object><name>1</name><deleted>0</deleted><verified>0</verified><occluded>no</occluded><attributes /><parts><hasparts /><ispartof /></parts><date>02-Apr-2017 19:32:38</date><id>0</id><type>bounding_box</type><polygon><username>anonymous</username><pt><x>347</x><y>216</y></pt><pt><x>375</x><y>216</y></pt><pt><x>375</x><y>243</y></pt><pt><x>347</x><y>243</y></pt></polygon></object><object><name>1</name><deleted>0</deleted><verified>0</verified><occluded>no</occluded><attributes /><parts><hasparts /><ispartof /></parts><date>08-Apr-2017 05:04:41</date><id>1</id><type>bounding_box</type><polygon><username>gtc</username><pt><x>728</x><y>247</y></pt><pt><x>760</x><y>247</y></pt><pt><x>760</x><y>287</y></pt><pt><x>728</x><y>287</y></pt></polygon></object><object><name>1</name><deleted>0</deleted><verified>0</verified><occluded>no</occluded><attributes /><parts><hasparts /><ispartof /></parts><date>08-Apr-2017 05:04:44</date><id>2</id><type>bounding_box</type><polygon><username>gtc</username><pt><x>522</x><y>177</y></pt><pt><x>565</x><y>177</y></pt><pt><x>565</x><y>220</y></pt><pt><x>522</x><y>220</y></pt></polygon></object><object><name>1</name><deleted>0</deleted><verified>0</verified><occluded>no</occluded><attributes /><parts><hasparts /><ispartof /></parts><date>08-Apr-2017 05:04:48</date><id>3</id><type>bounding_box</type><polygon><username>gtc</username><pt><x>235</x><y>156</y></pt><pt><x>272</x><y>156</y></pt><pt><x>272</x><y>191</y></pt><pt><x>235</x><y>191</y></pt></polygon></object></annotation>