<annotation><filename>410.jpg</filename><folder>users/77880077//merge_new</folder><source><submittedBy>tianchengguo</submittedBy></source><imagesize><nrows>720</nrows><ncols>1280</ncols></imagesize><object><name>1</name><deleted>0</deleted><verified>0</verified><occluded>no</occluded><attributes /><parts><hasparts /><ispartof /></parts><date>02-Apr-2017 19:26:58</date><id>0</id><type>bounding_box</type><polygon><username>anonymous</username><pt><x>484</x><y>81</y></pt><pt><x>514</x><y>81</y></pt><pt><x>514</x><y>115</y></pt><pt><x>484</x><y>115</y></pt></polygon></object><object><name>1</name><deleted>0</deleted><verified>0</verified><occluded>no</occluded><attributes /><parts><hasparts /><ispartof /></parts><date>02-Apr-2017 19:27:00</date><id>1</id><type>bounding_box</type><polygon><username>anonymous</username><pt><x>688</x><y>146</y></pt><pt><x>716</x><y>146</y></pt><pt><x>716</x><y>172</y></pt><pt><x>688</x><y>172</y></pt></polygon></object><object><name>1</name><deleted>0</deleted><verified>0</verified><occluded>no</occluded><attributes /><parts><hasparts /><ispartof /></parts><date>02-Apr-2017 19:27:02</date><id>2</id><type>bounding_box</type><polygon><username>anonymous</username><pt><x>592</x><y>234</y></pt><pt><x>623</x><y>234</y></pt><pt><x>623</x><y>268</y></pt><pt><x>592</x><y>268</y></pt></polygon></object></annotation>