<annotation><filename>434.jpg</filename><folder>users/77880077//merge_new</folder><source><submittedBy>tianchengguo</submittedBy></source><imagesize><nrows>720</nrows><ncols>1280</ncols></imagesize><object><name>1</name><deleted>0</deleted><verified>0</verified><occluded>no</occluded><attributes /><parts><hasparts /><ispartof /></parts><date>02-Apr-2017 19:30:10</date><id>0</id><type>bounding_box</type><polygon><username>anonymous</username><pt><x>1109</x><y>229</y></pt><pt><x>1142</x><y>229</y></pt><pt><x>1142</x><y>266</y></pt><pt><x>1109</x><y>266</y></pt></polygon></object><object><name>1</name><deleted>0</deleted><verified>0</verified><occluded>no</occluded><attributes /><parts><hasparts /><ispartof /></parts><date>02-Apr-2017 19:30:11</date><id>1</id><type>bounding_box</type><polygon><username>anonymous</username><pt><x>1060</x><y>339</y></pt><pt><x>1094</x><y>339</y></pt><pt><x>1094</x><y>371</y></pt><pt><x>1060</x><y>371</y></pt></polygon></object><object><name>1</name><deleted>0</deleted><verified>0</verified><occluded>no</occluded><attributes /><parts><hasparts /><ispartof /></parts><date>08-Apr-2017 05:01:45</date><id>2</id><type>bounding_box</type><polygon><username>gtc</username><pt><x>1151</x><y>165</y></pt><pt><x>1187</x><y>165</y></pt><pt><x>1187</x><y>202</y></pt><pt><x>1151</x><y>202</y></pt></polygon></object></annotation>