<annotation><filename>398.jpg</filename><folder>users/77880077//merge_new</folder><source><submittedBy>tianchengguo</submittedBy></source><imagesize><nrows>720</nrows><ncols>1280</ncols></imagesize><object><name>1</name><deleted>0</deleted><verified>0</verified><occluded>no</occluded><attributes /><parts><hasparts /><ispartof /></parts><date>02-Apr-2017 19:25:31</date><id>0</id><type>bounding_box</type><polygon><username>anonymous</username><pt><x>610</x><y>229</y></pt><pt><x>650</x><y>229</y></pt><pt><x>650</x><y>266</y></pt><pt><x>610</x><y>266</y></pt></polygon></object><object><name>1</name><deleted>0</deleted><verified>0</verified><occluded>no</occluded><attributes /><parts><hasparts /><ispartof /></parts><date>08-Apr-2017 04:56:05</date><id>1</id><type>bounding_box</type><polygon><username>gtc</username><pt><x>844</x><y>261</y></pt><pt><x>876</x><y>261</y></pt><pt><x>876</x><y>287</y></pt><pt><x>844</x><y>287</y></pt></polygon></object></annotation>