<annotation><filename>457.jpg</filename><folder>users/77880077//merge_new</folder><source><submittedBy>tianchengguo</submittedBy></source><imagesize><nrows>720</nrows><ncols>1280</ncols></imagesize><object><name>1</name><deleted>0</deleted><verified>0</verified><occluded>no</occluded><attributes /><parts><hasparts /><ispartof /></parts><date>02-Apr-2017 19:33:01</date><id>0</id><type>bounding_box</type><polygon><username>anonymous</username><pt><x>328</x><y>138</y></pt><pt><x>359</x><y>138</y></pt><pt><x>359</x><y>166</y></pt><pt><x>328</x><y>166</y></pt></polygon></object><object><name>1</name><deleted>0</deleted><verified>0</verified><occluded>no</occluded><attributes /><parts><hasparts /><ispartof /></parts><date>02-Apr-2017 19:33:03</date><id>1</id><type>bounding_box</type><polygon><username>anonymous</username><pt><x>556</x><y>334</y></pt><pt><x>594</x><y>334</y></pt><pt><x>594</x><y>372</y></pt><pt><x>556</x><y>372</y></pt></polygon></object></annotation>