<annotation><filename>22.jpg</filename><folder>users/77880077//merge_new</folder><source><submittedBy>tianchengguo</submittedBy></source><imagesize><nrows>720</nrows><ncols>1280</ncols></imagesize><object><name>1</name><deleted>0</deleted><verified>0</verified><occluded>no</occluded><attributes /><parts><hasparts /><ispartof /></parts><date>02-Apr-2017 18:23:45</date><id>0</id><type>bounding_box</type><polygon><username>anonymous</username><pt><x>247</x><y>115</y></pt><pt><x>288</x><y>115</y></pt><pt><x>288</x><y>150</y></pt><pt><x>247</x><y>150</y></pt></polygon></object><object><name>1</name><deleted>0</deleted><verified>0</verified><occluded>no</occluded><attributes /><parts><hasparts /><ispartof /></parts><date>02-Apr-2017 18:23:49</date><id>1</id><type>bounding_box</type><polygon><username>anonymous</username><pt><x>405</x><y>205</y></pt><pt><x>456</x><y>205</y></pt><pt><x>456</x><y>237</y></pt><pt><x>405</x><y>237</y></pt></polygon></object></annotation>