<annotation><filename>380.jpg</filename><folder>users/77880077//merge_new</folder><source><submittedBy>tianchengguo</submittedBy></source><imagesize><nrows>720</nrows><ncols>1280</ncols></imagesize><object><name>1</name><deleted>0</deleted><verified>0</verified><occluded>no</occluded><attributes /><parts><hasparts /><ispartof /></parts><date>02-Apr-2017 19:23:08</date><id>0</id><type>bounding_box</type><polygon><username>anonymous</username><pt><x>165</x><y>123</y></pt><pt><x>197</x><y>123</y></pt><pt><x>197</x><y>150</y></pt><pt><x>165</x><y>150</y></pt></polygon></object><object><name>1</name><deleted>0</deleted><verified>0</verified><occluded>no</occluded><attributes /><parts><hasparts /><ispartof /></parts><date>02-Apr-2017 19:23:11</date><id>1</id><type>bounding_box</type><polygon><username>anonymous</username><pt><x>397</x><y>248</y></pt><pt><x>423</x><y>248</y></pt><pt><x>423</x><y>272</y></pt><pt><x>397</x><y>272</y></pt></polygon></object><object><name>1</name><deleted>0</deleted><verified>0</verified><occluded>no</occluded><attributes /><parts><hasparts /><ispartof /></parts><date>08-Apr-2017 04:54:08</date><id>2</id><type>bounding_box</type><polygon><username>gtc</username><pt><x>742</x><y>246</y></pt><pt><x>774</x><y>246</y></pt><pt><x>774</x><y>278</y></pt><pt><x>742</x><y>278</y></pt></polygon></object><object><name>1</name><deleted>0</deleted><verified>0</verified><occluded>no</occluded><attributes /><parts><hasparts /><ispartof /></parts><date>08-Apr-2017 04:54:12</date><id>3</id><type>bounding_box</type><polygon><username>gtc</username><pt><x>892</x><y>178</y></pt><pt><x>920</x><y>178</y></pt><pt><x>920</x><y>216</y></pt><pt><x>892</x><y>216</y></pt></polygon></object></annotation>