<annotation><filename>55.jpg</filename><folder>users/77880077//merge_new</folder><source><submittedBy>tianchengguo</submittedBy></source><imagesize><nrows>720</nrows><ncols>1280</ncols></imagesize><object><name>1</name><deleted>0</deleted><verified>0</verified><occluded>no</occluded><attributes /><parts><hasparts /><ispartof /></parts><date>02-Apr-2017 18:32:34</date><id>0</id><type>bounding_box</type><polygon><username>anonymous</username><pt><x>186</x><y>59</y></pt><pt><x>224</x><y>59</y></pt><pt><x>224</x><y>100</y></pt><pt><x>186</x><y>100</y></pt></polygon></object><object><name>1</name><deleted>0</deleted><verified>0</verified><occluded>no</occluded><attributes /><parts><hasparts /><ispartof /></parts><date>02-Apr-2017 18:32:36</date><id>1</id><type>bounding_box</type><polygon><username>anonymous</username><pt><x>577</x><y>186</y></pt><pt><x>616</x><y>186</y></pt><pt><x>616</x><y>223</y></pt><pt><x>577</x><y>223</y></pt></polygon></object><object><name>1</name><deleted>0</deleted><verified>0</verified><occluded>no</occluded><attributes /><parts><hasparts /><ispartof /></parts><date>02-Apr-2017 18:32:38</date><id>2</id><type>bounding_box</type><polygon><username>anonymous</username><pt><x>988</x><y>68</y></pt><pt><x>1037</x><y>68</y></pt><pt><x>1037</x><y>111</y></pt><pt><x>988</x><y>111</y></pt></polygon></object><object><name>1</name><deleted>0</deleted><verified>0</verified><occluded>no</occluded><attributes /><parts><hasparts /><ispartof /></parts><date>02-Apr-2017 18:32:41</date><id>3</id><type>bounding_box</type><polygon><username>anonymous</username><pt><x>997</x><y>245</y></pt><pt><x>1027</x><y>245</y></pt><pt><x>1027</x><y>284</y></pt><pt><x>997</x><y>284</y></pt></polygon></object></annotation>