<annotation><filename>423.jpg</filename><folder>users/77880077//merge_new</folder><source><submittedBy>tianchengguo</submittedBy></source><imagesize><nrows>720</nrows><ncols>1280</ncols></imagesize><object><name>1</name><deleted>0</deleted><verified>0</verified><occluded>no</occluded><attributes /><parts><hasparts /><ispartof /></parts><date>02-Apr-2017 19:28:56</date><id>0</id><type>bounding_box</type><polygon><username>anonymous</username><pt><x>497</x><y>88</y></pt><pt><x>523</x><y>88</y></pt><pt><x>523</x><y>115</y></pt><pt><x>497</x><y>115</y></pt></polygon></object><object><name>1</name><deleted>0</deleted><verified>0</verified><occluded>no</occluded><attributes /><parts><hasparts /><ispartof /></parts><date>02-Apr-2017 19:28:58</date><id>1</id><type>bounding_box</type><polygon><username>anonymous</username><pt><x>934</x><y>222</y></pt><pt><x>966</x><y>222</y></pt><pt><x>966</x><y>249</y></pt><pt><x>934</x><y>249</y></pt></polygon></object><object><name>1</name><deleted>0</deleted><verified>0</verified><occluded>no</occluded><attributes /><parts><hasparts /><ispartof /></parts><date>02-Apr-2017 19:29:01</date><id>2</id><type>bounding_box</type><polygon><username>anonymous</username><pt><x>622</x><y>396</y></pt><pt><x>656</x><y>396</y></pt><pt><x>656</x><y>423</y></pt><pt><x>622</x><y>423</y></pt></polygon></object></annotation>