<annotation><filename>35.jpg</filename><folder>users/77880077//merge_new</folder><source><submittedBy>tianchengguo</submittedBy></source><imagesize><nrows>720</nrows><ncols>1280</ncols></imagesize><object><name>1</name><deleted>0</deleted><verified>0</verified><occluded>no</occluded><attributes /><parts><hasparts /><ispartof /></parts><date>02-Apr-2017 18:29:09</date><id>0</id><type>bounding_box</type><polygon><username>anonymous</username><pt><x>233</x><y>129</y></pt><pt><x>279</x><y>129</y></pt><pt><x>279</x><y>174</y></pt><pt><x>233</x><y>174</y></pt></polygon></object><object><name>1</name><deleted>0</deleted><verified>0</verified><occluded>no</occluded><attributes /><parts><hasparts /><ispartof /></parts><date>02-Apr-2017 18:29:11</date><id>1</id><type>bounding_box</type><polygon><username>anonymous</username><pt><x>541</x><y>358</y></pt><pt><x>581</x><y>358</y></pt><pt><x>581</x><y>398</y></pt><pt><x>541</x><y>398</y></pt></polygon></object><object><name>1</name><deleted>0</deleted><verified>0</verified><occluded>no</occluded><attributes /><parts><hasparts /><ispartof /></parts><date>08-Apr-2017 03:58:45</date><id>2</id><type>bounding_box</type><polygon><username>gtc</username><pt><x>25</x><y>41</y></pt><pt><x>51</x><y>41</y></pt><pt><x>51</x><y>75</y></pt><pt><x>25</x><y>75</y></pt></polygon></object></annotation>