<annotation><filename>420.jpg</filename><folder>users/77880077//merge_new</folder><source><submittedBy>tianchengguo</submittedBy></source><imagesize><nrows>720</nrows><ncols>1280</ncols></imagesize><object><name>1</name><deleted>0</deleted><verified>0</verified><occluded>no</occluded><attributes /><parts><hasparts /><ispartof /></parts><date>02-Apr-2017 19:28:17</date><id>0</id><type>bounding_box</type><polygon><username>anonymous</username><pt><x>169</x><y>490</y></pt><pt><x>200</x><y>490</y></pt><pt><x>200</x><y>524</y></pt><pt><x>169</x><y>524</y></pt></polygon></object><object><name>1</name><deleted>0</deleted><verified>0</verified><occluded>no</occluded><attributes /><parts><hasparts /><ispartof /></parts><date>02-Apr-2017 19:28:19</date><id>1</id><type>bounding_box</type><polygon><username>anonymous</username><pt><x>610</x><y>65</y></pt><pt><x>637</x><y>65</y></pt><pt><x>637</x><y>94</y></pt><pt><x>610</x><y>94</y></pt></polygon></object><object><name>1</name><deleted>0</deleted><verified>0</verified><occluded>no</occluded><attributes /><parts><hasparts /><ispartof /></parts><date>02-Apr-2017 19:28:24</date><id>2</id><type>bounding_box</type><polygon><username>anonymous</username><pt><x>1180</x><y>445</y></pt><pt><x>1213</x><y>445</y></pt><pt><x>1213</x><y>475</y></pt><pt><x>1180</x><y>475</y></pt></polygon></object><object><name>1</name><deleted>0</deleted><verified>0</verified><occluded>no</occluded><attributes /><parts><hasparts /><ispartof /></parts><date>08-Apr-2017 05:00:07</date><id>3</id><type>bounding_box</type><polygon><username>gtc</username><pt><x>654</x><y>289</y></pt><pt><x>699</x><y>289</y></pt><pt><x>699</x><y>316</y></pt><pt><x>654</x><y>316</y></pt></polygon></object></annotation>