<annotation><filename>435.jpg</filename><folder>users/77880077//merge_new</folder><source><submittedBy>tianchengguo</submittedBy></source><imagesize><nrows>720</nrows><ncols>1280</ncols></imagesize><object><name>1</name><deleted>0</deleted><verified>0</verified><occluded>no</occluded><attributes /><parts><hasparts /><ispartof /></parts><date>02-Apr-2017 19:30:14</date><id>0</id><type>bounding_box</type><polygon><username>anonymous</username><pt><x>144</x><y>186</y></pt><pt><x>176</x><y>186</y></pt><pt><x>176</x><y>216</y></pt><pt><x>144</x><y>216</y></pt></polygon></object><object><name>1</name><deleted>0</deleted><verified>0</verified><occluded>no</occluded><attributes /><parts><hasparts /><ispartof /></parts><date>02-Apr-2017 19:30:16</date><id>1</id><type>bounding_box</type><polygon><username>anonymous</username><pt><x>238</x><y>115</y></pt><pt><x>267</x><y>115</y></pt><pt><x>267</x><y>149</y></pt><pt><x>238</x><y>149</y></pt></polygon></object><object><name>1</name><deleted>0</deleted><verified>0</verified><occluded>no</occluded><attributes /><parts><hasparts /><ispartof /></parts><date>02-Apr-2017 19:30:17</date><id>2</id><type>bounding_box</type><polygon><username>anonymous</username><pt><x>497</x><y>167</y></pt><pt><x>532</x><y>167</y></pt><pt><x>532</x><y>209</y></pt><pt><x>497</x><y>209</y></pt></polygon></object><object><name>1</name><deleted>0</deleted><verified>0</verified><occluded>no</occluded><attributes /><parts><hasparts /><ispartof /></parts><date>08-Apr-2017 05:02:00</date><id>3</id><type>bounding_box</type><polygon><username>gtc</username><pt><x>1162</x><y>218</y></pt><pt><x>1189</x><y>218</y></pt><pt><x>1189</x><y>258</y></pt><pt><x>1162</x><y>258</y></pt></polygon></object></annotation>