<annotation><filename>342.jpg</filename><folder>users/77880077//merge_new</folder><source><submittedBy>tianchengguo</submittedBy></source><imagesize><nrows>720</nrows><ncols>1280</ncols></imagesize><object><name>1</name><deleted>0</deleted><verified>0</verified><occluded>no</occluded><attributes /><parts><hasparts /><ispartof /></parts><date>02-Apr-2017 19:18:39</date><id>0</id><type>bounding_box</type><polygon><username>anonymous</username><pt><x>453</x><y>55</y></pt><pt><x>480</x><y>55</y></pt><pt><x>480</x><y>87</y></pt><pt><x>453</x><y>87</y></pt></polygon></object><object><name>1</name><deleted>0</deleted><verified>0</verified><occluded>no</occluded><attributes /><parts><hasparts /><ispartof /></parts><date>02-Apr-2017 19:18:40</date><id>1</id><type>bounding_box</type><polygon><username>anonymous</username><pt><x>649</x><y>211</y></pt><pt><x>685</x><y>211</y></pt><pt><x>685</x><y>240</y></pt><pt><x>649</x><y>240</y></pt></polygon></object><object><name>1</name><deleted>0</deleted><verified>0</verified><occluded>no</occluded><attributes /><parts><hasparts /><ispartof /></parts><date>02-Apr-2017 19:18:43</date><id>2</id><type>bounding_box</type><polygon><username>anonymous</username><pt><x>1127</x><y>162</y></pt><pt><x>1150</x><y>162</y></pt><pt><x>1150</x><y>190</y></pt><pt><x>1127</x><y>190</y></pt></polygon></object></annotation>