<annotation><filename>373.jpg</filename><folder>users/77880077//merge_new</folder><source><submittedBy>tianchengguo</submittedBy></source><imagesize><nrows>720</nrows><ncols>1280</ncols></imagesize><object><name>1</name><deleted>0</deleted><verified>0</verified><occluded>no</occluded><attributes /><parts><hasparts /><ispartof /></parts><date>02-Apr-2017 19:22:22</date><id>0</id><type>bounding_box</type><polygon><username>anonymous</username><pt><x>159</x><y>148</y></pt><pt><x>193</x><y>148</y></pt><pt><x>193</x><y>172</y></pt><pt><x>159</x><y>172</y></pt></polygon></object><object><name>1</name><deleted>0</deleted><verified>0</verified><occluded>no</occluded><attributes /><parts><hasparts /><ispartof /></parts><date>08-Apr-2017 04:53:26</date><id>1</id><type>bounding_box</type><polygon><username>gtc</username><pt><x>691</x><y>133</y></pt><pt><x>732</x><y>133</y></pt><pt><x>732</x><y>170</y></pt><pt><x>691</x><y>170</y></pt></polygon></object></annotation>