<annotation><filename>13.jpg</filename><folder>users/77880077//merge_new</folder><source><submittedBy>tianchengguo</submittedBy></source><imagesize><nrows>720</nrows><ncols>1280</ncols></imagesize><object><name>1</name><deleted>0</deleted><verified>0</verified><occluded>no</occluded><attributes /><parts><hasparts /><ispartof /></parts><date>02-Apr-2017 18:21:16</date><id>0</id><type>bounding_box</type><polygon><username>anonymous</username><pt><x>230</x><y>162</y></pt><pt><x>270</x><y>162</y></pt><pt><x>270</x><y>198</y></pt><pt><x>230</x><y>198</y></pt></polygon></object><object><name>1</name><deleted>0</deleted><verified>0</verified><occluded>no</occluded><attributes /><parts><hasparts /><ispartof /></parts><date>02-Apr-2017 18:21:20</date><id>1</id><type>bounding_box</type><polygon><username>anonymous</username><pt><x>741</x><y>311</y></pt><pt><x>775</x><y>311</y></pt><pt><x>775</x><y>343</y></pt><pt><x>741</x><y>343</y></pt></polygon></object><object><name>1</name><deleted>0</deleted><verified>0</verified><occluded>no</occluded><attributes /><parts><hasparts /><ispartof /></parts><date>02-Apr-2017 18:21:23</date><id>2</id><type>bounding_box</type><polygon><username>anonymous</username><pt><x>844</x><y>197</y></pt><pt><x>880</x><y>197</y></pt><pt><x>880</x><y>233</y></pt><pt><x>844</x><y>233</y></pt></polygon></object><object><name>1</name><deleted>0</deleted><verified>0</verified><occluded>no</occluded><attributes /><parts><hasparts /><ispartof /></parts><date>02-Apr-2017 18:21:26</date><id>3</id><type>bounding_box</type><polygon><username>anonymous</username><pt><x>1088</x><y>162</y></pt><pt><x>1122</x><y>162</y></pt><pt><x>1122</x><y>202</y></pt><pt><x>1088</x><y>202</y></pt></polygon></object><object><name>1</name><deleted>0</deleted><verified>0</verified><occluded>no</occluded><attributes /><parts><hasparts /><ispartof /></parts><date>08-Apr-2017 03:53:58</date><id>4</id><type>bounding_box</type><polygon><username>gtc</username><pt><x>429</x><y>363</y></pt><pt><x>463</x><y>363</y></pt><pt><x>463</x><y>396</y></pt><pt><x>429</x><y>396</y></pt></polygon></object><object><name>1</name><deleted>0</deleted><verified>0</verified><occluded>no</occluded><attributes /><parts><hasparts /><ispartof /></parts><date>08-Apr-2017 03:54:18</date><id>5</id><type>bounding_box</type><polygon><username>gtc</username><pt><x>485</x><y>304</y></pt><pt><x>518</x><y>304</y></pt><pt><x>518</x><y>341</y></pt><pt><x>485</x><y>341</y></pt></polygon></object></annotation>