<annotation><filename>387.jpg</filename><folder>users/77880077//merge_new</folder><source><submittedBy>tianchengguo</submittedBy></source><imagesize><nrows>720</nrows><ncols>1280</ncols></imagesize><object><name>1</name><deleted>0</deleted><verified>0</verified><occluded>no</occluded><attributes /><parts><hasparts /><ispartof /></parts><date>02-Apr-2017 19:23:57</date><id>0</id><type>bounding_box</type><polygon><username>anonymous</username><pt><x>236</x><y>213</y></pt><pt><x>260</x><y>213</y></pt><pt><x>260</x><y>240</y></pt><pt><x>236</x><y>240</y></pt></polygon></object><object><name>1</name><deleted>0</deleted><verified>0</verified><occluded>no</occluded><attributes /><parts><hasparts /><ispartof /></parts><date>02-Apr-2017 19:23:58</date><id>1</id><type>bounding_box</type><polygon><username>anonymous</username><pt><x>130</x><y>81</y></pt><pt><x>156</x><y>81</y></pt><pt><x>156</x><y>115</y></pt><pt><x>130</x><y>115</y></pt></polygon></object><object><name>1</name><deleted>0</deleted><verified>0</verified><occluded>no</occluded><attributes /><parts><hasparts /><ispartof /></parts><date>02-Apr-2017 19:24:00</date><id>2</id><type>bounding_box</type><polygon><username>anonymous</username><pt><x>801</x><y>298</y></pt><pt><x>827</x><y>298</y></pt><pt><x>827</x><y>332</y></pt><pt><x>801</x><y>332</y></pt></polygon></object><object><name>1</name><deleted>0</deleted><verified>0</verified><occluded>no</occluded><attributes /><parts><hasparts /><ispartof /></parts><date>08-Apr-2017 04:55:01</date><id>3</id><type>bounding_box</type><polygon><username>gtc</username><pt><x>994</x><y>172</y></pt><pt><x>1028</x><y>172</y></pt><pt><x>1028</x><y>213</y></pt><pt><x>994</x><y>213</y></pt></polygon></object></annotation>