<annotation><filename>6.jpg</filename><folder>users/77880077//merge_new</folder><source><submittedBy>tianchengguo</submittedBy></source><imagesize><nrows>720</nrows><ncols>1280</ncols></imagesize><object><name>1</name><deleted>0</deleted><verified>0</verified><occluded>no</occluded><attributes /><parts><hasparts /><ispartof /></parts><date>02-Apr-2017 18:19:29</date><id>0</id><type>bounding_box</type><polygon><username>anonymous</username><pt><x>226</x><y>193</y></pt><pt><x>258</x><y>193</y></pt><pt><x>258</x><y>225</y></pt><pt><x>226</x><y>225</y></pt></polygon></object><object><name>1</name><deleted>0</deleted><verified>0</verified><occluded>no</occluded><attributes /><parts><hasparts /><ispartof /></parts><date>02-Apr-2017 18:19:33</date><id>1</id><type>bounding_box</type><polygon><username>anonymous</username><pt><x>476</x><y>295</y></pt><pt><x>514</x><y>295</y></pt><pt><x>514</x><y>335</y></pt><pt><x>476</x><y>335</y></pt></polygon></object><object><name>1</name><deleted>0</deleted><verified>0</verified><occluded>no</occluded><attributes /><parts><hasparts /><ispartof /></parts><date>02-Apr-2017 18:19:36</date><id>2</id><type>bounding_box</type><polygon><username>anonymous</username><pt><x>1076</x><y>167</y></pt><pt><x>1114</x><y>167</y></pt><pt><x>1114</x><y>202</y></pt><pt><x>1076</x><y>202</y></pt></polygon></object><object><name>1</name><deleted>0</deleted><verified>0</verified><occluded>no</occluded><attributes /><parts><hasparts /><ispartof /></parts><date>08-Apr-2017 03:52:10</date><id>3</id><type>bounding_box</type><polygon><username>gtc</username><pt><x>825</x><y>279</y></pt><pt><x>860</x><y>279</y></pt><pt><x>860</x><y>309</y></pt><pt><x>825</x><y>309</y></pt></polygon></object></annotation>