<annotation><filename>376.jpg</filename><folder>users/77880077//merge_new</folder><source><submittedBy>tianchengguo</submittedBy></source><imagesize><nrows>720</nrows><ncols>1280</ncols></imagesize><object><name>1</name><deleted>0</deleted><verified>0</verified><occluded>no</occluded><attributes /><parts><hasparts /><ispartof /></parts><date>02-Apr-2017 19:22:41</date><id>0</id><type>bounding_box</type><polygon><username>anonymous</username><pt><x>862</x><y>248</y></pt><pt><x>886</x><y>248</y></pt><pt><x>886</x><y>278</y></pt><pt><x>862</x><y>278</y></pt></polygon></object><object><name>1</name><deleted>0</deleted><verified>0</verified><occluded>no</occluded><attributes /><parts><hasparts /><ispartof /></parts><date>02-Apr-2017 19:22:43</date><id>1</id><type>bounding_box</type><polygon><username>anonymous</username><pt><x>975</x><y>202</y></pt><pt><x>1013</x><y>202</y></pt><pt><x>1013</x><y>234</y></pt><pt><x>975</x><y>234</y></pt></polygon></object><object><name>1</name><deleted>0</deleted><verified>0</verified><occluded>no</occluded><attributes /><parts><hasparts /><ispartof /></parts><date>08-Apr-2017 04:53:40</date><id>2</id><type>bounding_box</type><polygon><username>gtc</username><pt><x>879</x><y>337</y></pt><pt><x>913</x><y>337</y></pt><pt><x>913</x><y>374</y></pt><pt><x>879</x><y>374</y></pt></polygon></object><object><name>1</name><deleted>0</deleted><verified>0</verified><occluded>no</occluded><attributes /><parts><hasparts /><ispartof /></parts><date>08-Apr-2017 04:53:45</date><id>3</id><type>bounding_box</type><polygon><username>gtc</username><pt><x>424</x><y>370</y></pt><pt><x>454</x><y>370</y></pt><pt><x>454</x><y>400</y></pt><pt><x>424</x><y>400</y></pt></polygon></object></annotation>