<annotation><filename>365.jpg</filename><folder>users/77880077//merge_new</folder><source><submittedBy>tianchengguo</submittedBy></source><imagesize><nrows>720</nrows><ncols>1280</ncols></imagesize><object><name>1</name><deleted>0</deleted><verified>0</verified><occluded>no</occluded><attributes /><parts><hasparts /><ispartof /></parts><date>02-Apr-2017 19:21:30</date><id>0</id><type>bounding_box</type><polygon><username>anonymous</username><pt><x>147</x><y>246</y></pt><pt><x>173</x><y>246</y></pt><pt><x>173</x><y>275</y></pt><pt><x>147</x><y>275</y></pt></polygon></object><object><name>1</name><deleted>0</deleted><verified>0</verified><occluded>no</occluded><attributes /><parts><hasparts /><ispartof /></parts><date>02-Apr-2017 19:21:32</date><id>1</id><type>bounding_box</type><polygon><username>anonymous</username><pt><x>1040</x><y>289</y></pt><pt><x>1064</x><y>289</y></pt><pt><x>1064</x><y>318</y></pt><pt><x>1040</x><y>318</y></pt></polygon></object></annotation>