<annotation><filename>425.jpg</filename><folder>users/77880077//merge_new</folder><source><submittedBy>tianchengguo</submittedBy></source><imagesize><nrows>720</nrows><ncols>1280</ncols></imagesize><object><name>1</name><deleted>0</deleted><verified>0</verified><occluded>no</occluded><attributes /><parts><hasparts /><ispartof /></parts><date>02-Apr-2017 19:29:10</date><id>0</id><type>bounding_box</type><polygon><username>anonymous</username><pt><x>766</x><y>409</y></pt><pt><x>796</x><y>409</y></pt><pt><x>796</x><y>437</y></pt><pt><x>766</x><y>437</y></pt></polygon></object><object><name>1</name><deleted>0</deleted><verified>0</verified><occluded>no</occluded><attributes /><parts><hasparts /><ispartof /></parts><date>08-Apr-2017 05:00:48</date><id>1</id><type>bounding_box</type><polygon><username>gtc</username><pt><x>833</x><y>296</y></pt><pt><x>861</x><y>296</y></pt><pt><x>861</x><y>330</y></pt><pt><x>833</x><y>330</y></pt></polygon></object></annotation>