<annotation><filename>394.jpg</filename><folder>users/77880077//merge_new</folder><source><submittedBy>tianchengguo</submittedBy></source><imagesize><nrows>720</nrows><ncols>1280</ncols></imagesize><object><name>1</name><deleted>0</deleted><verified>0</verified><occluded>no</occluded><attributes /><parts><hasparts /><ispartof /></parts><date>02-Apr-2017 19:24:58</date><id>0</id><type>bounding_box</type><polygon><username>anonymous</username><pt><x>405</x><y>115</y></pt><pt><x>453</x><y>115</y></pt><pt><x>453</x><y>159</y></pt><pt><x>405</x><y>159</y></pt></polygon></object><object><name>1</name><deleted>0</deleted><verified>0</verified><occluded>no</occluded><attributes /><parts><hasparts /><ispartof /></parts><date>02-Apr-2017 19:25:00</date><id>1</id><type>bounding_box</type><polygon><username>anonymous</username><pt><x>663</x><y>205</y></pt><pt><x>714</x><y>205</y></pt><pt><x>714</x><y>248</y></pt><pt><x>663</x><y>248</y></pt></polygon></object><object><name>1</name><deleted>0</deleted><verified>0</verified><occluded>no</occluded><attributes /><parts><hasparts /><ispartof /></parts><date>08-Apr-2017 04:55:37</date><id>2</id><type>bounding_box</type><polygon><username>gtc</username><pt><x>846</x><y>168</y></pt><pt><x>876</x><y>168</y></pt><pt><x>876</x><y>202</y></pt><pt><x>846</x><y>202</y></pt></polygon></object><object><name>1</name><deleted>0</deleted><verified>0</verified><occluded>no</occluded><attributes /><parts><hasparts /><ispartof /></parts><date>08-Apr-2017 04:55:42</date><id>3</id><type>bounding_box</type><polygon><username>gtc</username><pt><x>1079</x><y>171</y></pt><pt><x>1115</x><y>171</y></pt><pt><x>1115</x><y>208</y></pt><pt><x>1079</x><y>208</y></pt></polygon></object><object><name>1</name><deleted>0</deleted><verified>0</verified><occluded>no</occluded><attributes /><parts><hasparts /><ispartof /></parts><date>08-Apr-2017 04:55:46</date><id>4</id><type>bounding_box</type><polygon><username>gtc</username><pt><x>952</x><y>411</y></pt><pt><x>977</x><y>411</y></pt><pt><x>977</x><y>445</y></pt><pt><x>952</x><y>445</y></pt></polygon></object></annotation>