<annotation><filename>439.jpg</filename><folder>users/77880077//merge_new</folder><source><submittedBy>tianchengguo</submittedBy></source><imagesize><nrows>720</nrows><ncols>1280</ncols></imagesize><object><name>1</name><deleted>0</deleted><verified>0</verified><occluded>no</occluded><attributes /><parts><hasparts /><ispartof /></parts><date>02-Apr-2017 19:30:43</date><id>0</id><type>bounding_box</type><polygon><username>anonymous</username><pt><x>514</x><y>51</y></pt><pt><x>543</x><y>51</y></pt><pt><x>543</x><y>75</y></pt><pt><x>514</x><y>75</y></pt></polygon></object><object><name>1</name><deleted>0</deleted><verified>0</verified><occluded>no</occluded><attributes /><parts><hasparts /><ispartof /></parts><date>02-Apr-2017 19:30:44</date><id>1</id><type>bounding_box</type><polygon><username>anonymous</username><pt><x>576</x><y>37</y></pt><pt><x>610</x><y>37</y></pt><pt><x>610</x><y>65</y></pt><pt><x>576</x><y>65</y></pt></polygon></object><object><name>1</name><deleted>0</deleted><verified>0</verified><occluded>no</occluded><attributes /><parts><hasparts /><ispartof /></parts><date>02-Apr-2017 19:30:47</date><id>2</id><type>bounding_box</type><polygon><username>anonymous</username><pt><x>211</x><y>362</y></pt><pt><x>238</x><y>362</y></pt><pt><x>238</x><y>389</y></pt><pt><x>211</x><y>389</y></pt></polygon></object><object><name>1</name><deleted>0</deleted><verified>0</verified><occluded>no</occluded><attributes /><parts><hasparts /><ispartof /></parts><date>02-Apr-2017 19:30:48</date><id>3</id><type>bounding_box</type><polygon><username>anonymous</username><pt><x>247</x><y>321</y></pt><pt><x>278</x><y>321</y></pt><pt><x>278</x><y>352</y></pt><pt><x>247</x><y>352</y></pt></polygon></object></annotation>