<annotation><filename>356.jpg</filename><folder>users/77880077//merge_new</folder><source><submittedBy>tianchengguo</submittedBy></source><imagesize><nrows>720</nrows><ncols>1280</ncols></imagesize><object><name>1</name><deleted>0</deleted><verified>0</verified><occluded>no</occluded><attributes /><parts><hasparts /><ispartof /></parts><date>02-Apr-2017 19:20:20</date><id>0</id><type>bounding_box</type><polygon><username>anonymous</username><pt><x>249</x><y>117</y></pt><pt><x>276</x><y>117</y></pt><pt><x>276</x><y>148</y></pt><pt><x>249</x><y>148</y></pt></polygon></object><object><name>1</name><deleted>0</deleted><verified>0</verified><occluded>no</occluded><attributes /><parts><hasparts /><ispartof /></parts><date>02-Apr-2017 19:20:21</date><id>1</id><type>bounding_box</type><polygon><username>anonymous</username><pt><x>514</x><y>327</y></pt><pt><x>543</x><y>327</y></pt><pt><x>543</x><y>362</y></pt><pt><x>514</x><y>362</y></pt></polygon></object><object><name>1</name><deleted>0</deleted><verified>0</verified><occluded>no</occluded><attributes /><parts><hasparts /><ispartof /></parts><date>08-Apr-2017 04:50:44</date><id>2</id><type>bounding_box</type><polygon><username>gtc</username><pt><x>731</x><y>225</y></pt><pt><x>765</x><y>225</y></pt><pt><x>765</x><y>258</y></pt><pt><x>731</x><y>258</y></pt></polygon></object><object><name>1</name><deleted>0</deleted><verified>0</verified><occluded>no</occluded><attributes /><parts><hasparts /><ispartof /></parts><date>08-Apr-2017 04:50:47</date><id>3</id><type>bounding_box</type><polygon><username>gtc</username><pt><x>798</x><y>175</y></pt><pt><x>833</x><y>175</y></pt><pt><x>833</x><y>204</y></pt><pt><x>798</x><y>204</y></pt></polygon></object></annotation>