<annotation><filename>465.jpg</filename><folder>users/77880077//merge_new</folder><source><submittedBy>tianchengguo</submittedBy></source><imagesize><nrows>720</nrows><ncols>1280</ncols></imagesize><object><name>1</name><deleted>0</deleted><verified>0</verified><occluded>no</occluded><attributes /><parts><hasparts /><ispartof /></parts><date>02-Apr-2017 19:34:07</date><id>0</id><type>bounding_box</type><polygon><username>anonymous</username><pt><x>672</x><y>156</y></pt><pt><x>700</x><y>156</y></pt><pt><x>700</x><y>193</y></pt><pt><x>672</x><y>193</y></pt></polygon></object><object><name>1</name><deleted>0</deleted><verified>0</verified><occluded>no</occluded><attributes /><parts><hasparts /><ispartof /></parts><date>02-Apr-2017 19:34:10</date><id>1</id><type>bounding_box</type><polygon><username>anonymous</username><pt><x>151</x><y>128</y></pt><pt><x>182</x><y>128</y></pt><pt><x>182</x><y>162</y></pt><pt><x>151</x><y>162</y></pt></polygon></object><object><name>1</name><deleted>0</deleted><verified>0</verified><occluded>no</occluded><attributes /><parts><hasparts /><ispartof /></parts><date>08-Apr-2017 05:05:59</date><id>2</id><type>bounding_box</type><polygon><username>gtc</username><pt><x>575</x><y>229</y></pt><pt><x>611</x><y>229</y></pt><pt><x>611</x><y>261</y></pt><pt><x>575</x><y>261</y></pt></polygon></object></annotation>