<annotation><filename>381.jpg</filename><folder>users/77880077//merge_new</folder><source><submittedBy>tianchengguo</submittedBy></source><imagesize><nrows>720</nrows><ncols>1280</ncols></imagesize><object><name>1</name><deleted>0</deleted><verified>0</verified><occluded>no</occluded><attributes /><parts><hasparts /><ispartof /></parts><date>02-Apr-2017 19:23:15</date><id>0</id><type>bounding_box</type><polygon><username>anonymous</username><pt><x>46</x><y>373</y></pt><pt><x>72</x><y>373</y></pt><pt><x>72</x><y>400</y></pt><pt><x>46</x><y>400</y></pt></polygon></object><object><name>1</name><deleted>0</deleted><verified>0</verified><occluded>no</occluded><attributes /><parts><hasparts /><ispartof /></parts><date>08-Apr-2017 04:54:23</date><id>1</id><type>bounding_box</type><polygon><username>gtc</username><pt><x>148</x><y>143</y></pt><pt><x>190</x><y>143</y></pt><pt><x>190</x><y>175</y></pt><pt><x>148</x><y>175</y></pt></polygon></object></annotation>