<annotation><filename>367.jpg</filename><folder>users/77880077//merge_new</folder><source><submittedBy>tianchengguo</submittedBy></source><imagesize><nrows>720</nrows><ncols>1280</ncols></imagesize><object><name>1</name><deleted>0</deleted><verified>0</verified><occluded>no</occluded><attributes /><parts><hasparts /><ispartof /></parts><date>02-Apr-2017 19:21:39</date><id>0</id><type>bounding_box</type><polygon><username>anonymous</username><pt><x>606</x><y>355</y></pt><pt><x>641</x><y>355</y></pt><pt><x>641</x><y>385</y></pt><pt><x>606</x><y>385</y></pt></polygon></object><object><name>1</name><deleted>0</deleted><verified>0</verified><occluded>no</occluded><attributes /><parts><hasparts /><ispartof /></parts><date>08-Apr-2017 04:52:20</date><id>1</id><type>bounding_box</type><polygon><username>gtc</username><pt><x>218</x><y>237</y></pt><pt><x>241</x><y>237</y></pt><pt><x>241</x><y>262</y></pt><pt><x>218</x><y>262</y></pt></polygon></object><object><name>1</name><deleted>0</deleted><verified>0</verified><occluded>no</occluded><attributes /><parts><hasparts /><ispartof /></parts><date>08-Apr-2017 04:52:24</date><id>2</id><type>bounding_box</type><polygon><username>gtc</username><pt><x>203</x><y>273</y></pt><pt><x>233</x><y>273</y></pt><pt><x>233</x><y>303</y></pt><pt><x>203</x><y>303</y></pt></polygon></object><object><name>1</name><deleted>0</deleted><verified>0</verified><occluded>no</occluded><attributes /><parts><hasparts /><ispartof /></parts><date>08-Apr-2017 04:52:30</date><id>3</id><type>bounding_box</type><polygon><username>gtc</username><pt><x>86</x><y>232</y></pt><pt><x>112</x><y>232</y></pt><pt><x>112</x><y>258</y></pt><pt><x>86</x><y>258</y></pt></polygon></object></annotation>