<annotation><filename>57.jpg</filename><folder>users/77880077//merge_new</folder><source><submittedBy>tianchengguo</submittedBy></source><imagesize><nrows>720</nrows><ncols>1280</ncols></imagesize><object><name>1</name><deleted>0</deleted><verified>0</verified><occluded>no</occluded><attributes /><parts><hasparts /><ispartof /></parts><date>02-Apr-2017 18:33:42</date><id>0</id><type>bounding_box</type><polygon><username>anonymous</username><pt><x>336</x><y>48</y></pt><pt><x>371</x><y>48</y></pt><pt><x>371</x><y>93</y></pt><pt><x>336</x><y>93</y></pt></polygon></object><object><name>1</name><deleted>0</deleted><verified>0</verified><occluded>no</occluded><attributes /><parts><hasparts /><ispartof /></parts><date>02-Apr-2017 18:33:45</date><id>1</id><type>bounding_box</type><polygon><username>anonymous</username><pt><x>631</x><y>190</y></pt><pt><x>666</x><y>190</y></pt><pt><x>666</x><y>217</y></pt><pt><x>631</x><y>217</y></pt></polygon></object><object><name>1</name><deleted>0</deleted><verified>0</verified><occluded>no</occluded><attributes /><parts><hasparts /><ispartof /></parts><date>08-Apr-2017 04:02:32</date><id>2</id><type>bounding_box</type><polygon><username>gtc</username><pt><x>887</x><y>333</y></pt><pt><x>915</x><y>333</y></pt><pt><x>915</x><y>369</y></pt><pt><x>887</x><y>369</y></pt></polygon></object></annotation>