<annotation><filename>431.jpg</filename><folder>users/77880077//merge_new</folder><source><submittedBy>tianchengguo</submittedBy></source><imagesize><nrows>720</nrows><ncols>1280</ncols></imagesize><object><name>1</name><deleted>0</deleted><verified>0</verified><occluded>no</occluded><attributes /><parts><hasparts /><ispartof /></parts><date>02-Apr-2017 19:29:47</date><id>0</id><type>bounding_box</type><polygon><username>anonymous</username><pt><x>372</x><y>57</y></pt><pt><x>411</x><y>57</y></pt><pt><x>411</x><y>96</y></pt><pt><x>372</x><y>96</y></pt></polygon></object><object><name>1</name><deleted>0</deleted><verified>0</verified><occluded>no</occluded><attributes /><parts><hasparts /><ispartof /></parts><date>02-Apr-2017 19:29:49</date><id>1</id><type>bounding_box</type><polygon><username>anonymous</username><pt><x>247</x><y>228</y></pt><pt><x>281</x><y>228</y></pt><pt><x>281</x><y>262</y></pt><pt><x>247</x><y>262</y></pt></polygon></object><object><name>1</name><deleted>0</deleted><verified>0</verified><occluded>no</occluded><attributes /><parts><hasparts /><ispartof /></parts><date>02-Apr-2017 19:29:51</date><id>2</id><type>bounding_box</type><polygon><username>anonymous</username><pt><x>1088</x><y>253</y></pt><pt><x>1119</x><y>253</y></pt><pt><x>1119</x><y>289</y></pt><pt><x>1088</x><y>289</y></pt></polygon></object></annotation>