<annotation><filename>8.jpg</filename><folder>users/77880077//merge_new</folder><source><submittedBy>tianchengguo</submittedBy></source><imagesize><nrows>720</nrows><ncols>1280</ncols></imagesize><object><name>1</name><deleted>0</deleted><verified>0</verified><occluded>no</occluded><attributes /><parts><hasparts /><ispartof /></parts><date>02-Apr-2017 18:19:58</date><id>0</id><type>bounding_box</type><polygon><username>anonymous</username><pt><x>132</x><y>174</y></pt><pt><x>162</x><y>174</y></pt><pt><x>162</x><y>209</y></pt><pt><x>132</x><y>209</y></pt></polygon></object><object><name>1</name><deleted>0</deleted><verified>0</verified><occluded>no</occluded><attributes /><parts><hasparts /><ispartof /></parts><date>02-Apr-2017 18:20:01</date><id>1</id><type>bounding_box</type><polygon><username>anonymous</username><pt><x>276</x><y>278</y></pt><pt><x>309</x><y>278</y></pt><pt><x>309</x><y>311</y></pt><pt><x>276</x><y>311</y></pt></polygon></object><object><name>1</name><deleted>0</deleted><verified>0</verified><occluded>no</occluded><attributes /><parts><hasparts /><ispartof /></parts><date>02-Apr-2017 18:20:04</date><id>2</id><type>bounding_box</type><polygon><username>anonymous</username><pt><x>473</x><y>297</y></pt><pt><x>501</x><y>297</y></pt><pt><x>501</x><y>333</y></pt><pt><x>473</x><y>333</y></pt></polygon></object><object><name>1</name><deleted>0</deleted><verified>0</verified><occluded>no</occluded><attributes /><parts><hasparts /><ispartof /></parts><date>08-Apr-2017 03:52:40</date><id>3</id><type>bounding_box</type><polygon><username>gtc</username><pt><x>490</x><y>406</y></pt><pt><x>517</x><y>406</y></pt><pt><x>517</x><y>439</y></pt><pt><x>490</x><y>439</y></pt></polygon></object><object><name>1</name><deleted>0</deleted><verified>0</verified><occluded>no</occluded><attributes /><parts><hasparts /><ispartof /></parts><date>08-Apr-2017 03:52:48</date><id>4</id><type>bounding_box</type><polygon><username>gtc</username><pt><x>1036</x><y>234</y></pt><pt><x>1068</x><y>234</y></pt><pt><x>1068</x><y>277</y></pt><pt><x>1036</x><y>277</y></pt></polygon></object><object><name>1</name><deleted>0</deleted><verified>0</verified><occluded>no</occluded><attributes /><parts><hasparts /><ispartof /></parts><date>08-Apr-2017 03:52:53</date><id>5</id><type>bounding_box</type><polygon><username>gtc</username><pt><x>1200</x><y>151</y></pt><pt><x>1227</x><y>151</y></pt><pt><x>1227</x><y>186</y></pt><pt><x>1200</x><y>186</y></pt></polygon></object></annotation>