<annotation><filename>414.jpg</filename><folder>users/77880077//merge_new</folder><source><submittedBy>tianchengguo</submittedBy></source><imagesize><nrows>720</nrows><ncols>1280</ncols></imagesize><object><name>1</name><deleted>0</deleted><verified>0</verified><occluded>no</occluded><attributes /><parts><hasparts /><ispartof /></parts><date>02-Apr-2017 19:27:35</date><id>0</id><type>bounding_box</type><polygon><username>anonymous</username><pt><x>497</x><y>85</y></pt><pt><x>529</x><y>85</y></pt><pt><x>529</x><y>113</y></pt><pt><x>497</x><y>113</y></pt></polygon></object><object><name>1</name><deleted>0</deleted><verified>0</verified><occluded>no</occluded><attributes /><parts><hasparts /><ispartof /></parts><date>02-Apr-2017 19:27:37</date><id>1</id><type>bounding_box</type><polygon><username>anonymous</username><pt><x>879</x><y>209</y></pt><pt><x>918</x><y>209</y></pt><pt><x>918</x><y>245</y></pt><pt><x>879</x><y>245</y></pt></polygon></object><object><name>1</name><deleted>0</deleted><verified>0</verified><occluded>no</occluded><attributes /><parts><hasparts /><ispartof /></parts><date>02-Apr-2017 19:27:39</date><id>2</id><type>bounding_box</type><polygon><username>anonymous</username><pt><x>862</x><y>358</y></pt><pt><x>893</x><y>358</y></pt><pt><x>893</x><y>389</y></pt><pt><x>862</x><y>389</y></pt></polygon></object><object><name>1</name><deleted>0</deleted><verified>0</verified><occluded>no</occluded><attributes /><parts><hasparts /><ispartof /></parts><date>08-Apr-2017 04:59:18</date><id>3</id><type>bounding_box</type><polygon><username>gtc</username><pt><x>1012</x><y>156</y></pt><pt><x>1047</x><y>156</y></pt><pt><x>1047</x><y>194</y></pt><pt><x>1012</x><y>194</y></pt></polygon></object></annotation>