<annotation><filename>31.jpg</filename><folder>users/77880077//merge_new</folder><source><submittedBy>tianchengguo</submittedBy></source><imagesize><nrows>720</nrows><ncols>1280</ncols></imagesize><object><name>1</name><deleted>0</deleted><verified>0</verified><occluded>no</occluded><attributes /><parts><hasparts /><ispartof /></parts><date>02-Apr-2017 18:28:15</date><id>0</id><type>bounding_box</type><polygon><username>anonymous</username><pt><x>228</x><y>166</y></pt><pt><x>259</x><y>166</y></pt><pt><x>259</x><y>202</y></pt><pt><x>228</x><y>202</y></pt></polygon></object><object><name>1</name><deleted>0</deleted><verified>0</verified><occluded>no</occluded><attributes /><parts><hasparts /><ispartof /></parts><date>02-Apr-2017 18:28:18</date><id>1</id><type>bounding_box</type><polygon><username>anonymous</username><pt><x>375</x><y>71</y></pt><pt><x>419</x><y>71</y></pt><pt><x>419</x><y>115</y></pt><pt><x>375</x><y>115</y></pt></polygon></object><object><name>1</name><deleted>0</deleted><verified>0</verified><occluded>no</occluded><attributes /><parts><hasparts /><ispartof /></parts><date>02-Apr-2017 18:28:21</date><id>2</id><type>bounding_box</type><polygon><username>anonymous</username><pt><x>672</x><y>311</y></pt><pt><x>710</x><y>311</y></pt><pt><x>710</x><y>357</y></pt><pt><x>672</x><y>357</y></pt></polygon></object><object><name>1</name><deleted>0</deleted><verified>0</verified><occluded>no</occluded><attributes /><parts><hasparts /><ispartof /></parts><date>02-Apr-2017 18:28:24</date><id>3</id><type>bounding_box</type><polygon><username>anonymous</username><pt><x>998</x><y>157</y></pt><pt><x>1039</x><y>157</y></pt><pt><x>1039</x><y>207</y></pt><pt><x>998</x><y>207</y></pt></polygon></object></annotation>