<annotation><filename>490.jpg</filename><folder>users/77880077//merge_new</folder><source><submittedBy>tianchengguo</submittedBy></source><imagesize><nrows>720</nrows><ncols>1280</ncols></imagesize><object><name>1</name><deleted>0</deleted><verified>0</verified><occluded>no</occluded><attributes /><parts><hasparts /><ispartof /></parts><date>02-Apr-2017 19:36:55</date><id>0</id><type>bounding_box</type><polygon><username>anonymous</username><pt><x>132</x><y>267</y></pt><pt><x>167</x><y>267</y></pt><pt><x>167</x><y>298</y></pt><pt><x>132</x><y>298</y></pt></polygon></object><object><name>1</name><deleted>0</deleted><verified>0</verified><occluded>no</occluded><attributes /><parts><hasparts /><ispartof /></parts><date>02-Apr-2017 19:36:57</date><id>1</id><type>bounding_box</type><polygon><username>anonymous</username><pt><x>685</x><y>76</y></pt><pt><x>718</x><y>76</y></pt><pt><x>718</x><y>115</y></pt><pt><x>685</x><y>115</y></pt></polygon></object><object><name>1</name><deleted>0</deleted><verified>0</verified><occluded>no</occluded><attributes /><parts><hasparts /><ispartof /></parts><date>02-Apr-2017 19:36:58</date><id>2</id><type>bounding_box</type><polygon><username>anonymous</username><pt><x>514</x><y>243</y></pt><pt><x>544</x><y>243</y></pt><pt><x>544</x><y>283</y></pt><pt><x>514</x><y>283</y></pt></polygon></object></annotation>