<annotation><filename>495.jpg</filename><folder>users/77880077//merge_new</folder><source><submittedBy>tianchengguo</submittedBy></source><imagesize><nrows>720</nrows><ncols>1280</ncols></imagesize><object><name>1</name><deleted>0</deleted><verified>0</verified><occluded>no</occluded><attributes /><parts><hasparts /><ispartof /></parts><date>02-Apr-2017 19:37:35</date><id>0</id><type>bounding_box</type><polygon><username>anonymous</username><pt><x>412</x><y>78</y></pt><pt><x>458</x><y>78</y></pt><pt><x>458</x><y>119</y></pt><pt><x>412</x><y>119</y></pt></polygon></object><object><name>1</name><deleted>0</deleted><verified>0</verified><occluded>no</occluded><attributes /><parts><hasparts /><ispartof /></parts><date>02-Apr-2017 19:37:37</date><id>1</id><type>bounding_box</type><polygon><username>anonymous</username><pt><x>573</x><y>153</y></pt><pt><x>613</x><y>153</y></pt><pt><x>613</x><y>196</y></pt><pt><x>573</x><y>196</y></pt></polygon></object></annotation>