<annotation><filename>447.jpg</filename><folder>users/77880077//merge_new</folder><source><submittedBy>tianchengguo</submittedBy></source><imagesize><nrows>720</nrows><ncols>1280</ncols></imagesize><object><name>1</name><deleted>0</deleted><verified>0</verified><occluded>no</occluded><attributes /><parts><hasparts /><ispartof /></parts><date>02-Apr-2017 19:31:38</date><id>0</id><type>bounding_box</type><polygon><username>anonymous</username><pt><x>1100</x><y>219</y></pt><pt><x>1132</x><y>219</y></pt><pt><x>1132</x><y>259</y></pt><pt><x>1100</x><y>259</y></pt></polygon></object><object><name>1</name><deleted>0</deleted><verified>0</verified><occluded>no</occluded><attributes /><parts><hasparts /><ispartof /></parts><date>02-Apr-2017 19:31:41</date><id>1</id><type>bounding_box</type><polygon><username>anonymous</username><pt><x>866</x><y>119</y></pt><pt><x>892</x><y>119</y></pt><pt><x>892</x><y>144</y></pt><pt><x>866</x><y>144</y></pt></polygon></object></annotation>