<annotation><filename>372.jpg</filename><folder>users/77880077//merge_new</folder><source><submittedBy>tianchengguo</submittedBy></source><imagesize><nrows>720</nrows><ncols>1280</ncols></imagesize><object><name>1</name><deleted>0</deleted><verified>0</verified><occluded>no</occluded><attributes /><parts><hasparts /><ispartof /></parts><date>02-Apr-2017 19:22:16</date><id>0</id><type>bounding_box</type><polygon><username>anonymous</username><pt><x>363</x><y>174</y></pt><pt><x>387</x><y>174</y></pt><pt><x>387</x><y>211</y></pt><pt><x>363</x><y>211</y></pt></polygon></object><object><name>1</name><deleted>0</deleted><verified>0</verified><occluded>no</occluded><attributes /><parts><hasparts /><ispartof /></parts><date>02-Apr-2017 19:22:18</date><id>1</id><type>bounding_box</type><polygon><username>anonymous</username><pt><x>993</x><y>153</y></pt><pt><x>1032</x><y>153</y></pt><pt><x>1032</x><y>183</y></pt><pt><x>993</x><y>183</y></pt></polygon></object><object><name>1</name><deleted>0</deleted><verified>0</verified><occluded>no</occluded><attributes /><parts><hasparts /><ispartof /></parts><date>08-Apr-2017 04:53:12</date><id>2</id><type>bounding_box</type><polygon><username>gtc</username><pt><x>828</x><y>296</y></pt><pt><x>860</x><y>296</y></pt><pt><x>860</x><y>330</y></pt><pt><x>828</x><y>330</y></pt></polygon></object><object><name>1</name><deleted>0</deleted><verified>0</verified><occluded>no</occluded><attributes /><parts><hasparts /><ispartof /></parts><date>08-Apr-2017 04:53:15</date><id>3</id><type>bounding_box</type><polygon><username>gtc</username><pt><x>774</x><y>386</y></pt><pt><x>808</x><y>386</y></pt><pt><x>808</x><y>422</y></pt><pt><x>774</x><y>422</y></pt></polygon></object><object><name>1</name><deleted>0</deleted><verified>0</verified><occluded>no</occluded><attributes /><parts><hasparts /><ispartof /></parts><date>08-Apr-2017 04:53:20</date><id>4</id><type>bounding_box</type><polygon><username>gtc</username><pt><x>418</x><y>387</y></pt><pt><x>465</x><y>387</y></pt><pt><x>465</x><y>443</y></pt><pt><x>418</x><y>443</y></pt></polygon></object></annotation>