<annotation><filename>391.jpg</filename><folder>users/77880077//merge_new</folder><source><submittedBy>tianchengguo</submittedBy></source><imagesize><nrows>720</nrows><ncols>1280</ncols></imagesize><object><name>1</name><deleted>0</deleted><verified>0</verified><occluded>no</occluded><attributes /><parts><hasparts /><ispartof /></parts><date>02-Apr-2017 19:24:34</date><id>0</id><type>bounding_box</type><polygon><username>anonymous</username><pt><x>116</x><y>135</y></pt><pt><x>142</x><y>135</y></pt><pt><x>142</x><y>167</y></pt><pt><x>116</x><y>167</y></pt></polygon></object><object><name>1</name><deleted>0</deleted><verified>0</verified><occluded>no</occluded><attributes /><parts><hasparts /><ispartof /></parts><date>02-Apr-2017 19:24:35</date><id>1</id><type>bounding_box</type><polygon><username>anonymous</username><pt><x>414</x><y>237</y></pt><pt><x>446</x><y>237</y></pt><pt><x>446</x><y>264</y></pt><pt><x>414</x><y>264</y></pt></polygon></object><object><name>1</name><deleted>0</deleted><verified>0</verified><occluded>no</occluded><attributes /><parts><hasparts /><ispartof /></parts><date>02-Apr-2017 19:24:37</date><id>2</id><type>bounding_box</type><polygon><username>anonymous</username><pt><x>776</x><y>263</y></pt><pt><x>811</x><y>263</y></pt><pt><x>811</x><y>296</y></pt><pt><x>776</x><y>296</y></pt></polygon></object><object><name>1</name><deleted>0</deleted><verified>0</verified><occluded>no</occluded><attributes /><parts><hasparts /><ispartof /></parts><date>02-Apr-2017 19:24:39</date><id>3</id><type>bounding_box</type><polygon><username>anonymous</username><pt><x>905</x><y>198</y></pt><pt><x>944</x><y>198</y></pt><pt><x>944</x><y>233</y></pt><pt><x>905</x><y>233</y></pt></polygon></object></annotation>