<annotation><filename>415.jpg</filename><folder>users/77880077//merge_new</folder><source><submittedBy>tianchengguo</submittedBy></source><imagesize><nrows>720</nrows><ncols>1280</ncols></imagesize><object><name>1</name><deleted>0</deleted><verified>0</verified><occluded>no</occluded><attributes /><parts><hasparts /><ispartof /></parts><date>02-Apr-2017 19:27:42</date><id>0</id><type>bounding_box</type><polygon><username>anonymous</username><pt><x>236</x><y>138</y></pt><pt><x>270</x><y>138</y></pt><pt><x>270</x><y>166</y></pt><pt><x>236</x><y>166</y></pt></polygon></object><object><name>1</name><deleted>0</deleted><verified>0</verified><occluded>no</occluded><attributes /><parts><hasparts /><ispartof /></parts><date>02-Apr-2017 19:27:44</date><id>1</id><type>bounding_box</type><polygon><username>anonymous</username><pt><x>415</x><y>186</y></pt><pt><x>443</x><y>186</y></pt><pt><x>443</x><y>214</y></pt><pt><x>415</x><y>214</y></pt></polygon></object><object><name>1</name><deleted>0</deleted><verified>0</verified><occluded>no</occluded><attributes /><parts><hasparts /><ispartof /></parts><date>02-Apr-2017 19:27:46</date><id>2</id><type>bounding_box</type><polygon><username>anonymous</username><pt><x>659</x><y>232</y></pt><pt><x>695</x><y>232</y></pt><pt><x>695</x><y>262</y></pt><pt><x>659</x><y>262</y></pt></polygon></object><object><name>1</name><deleted>0</deleted><verified>0</verified><occluded>no</occluded><attributes /><parts><hasparts /><ispartof /></parts><date>08-Apr-2017 04:59:24</date><id>3</id><type>bounding_box</type><polygon><username>gtc</username><pt><x>887</x><y>343</y></pt><pt><x>911</x><y>343</y></pt><pt><x>911</x><y>376</y></pt><pt><x>887</x><y>376</y></pt></polygon></object></annotation>