<annotation><filename>50.jpg</filename><folder>users/77880077//merge_new</folder><source><submittedBy>tianchengguo</submittedBy></source><imagesize><nrows>720</nrows><ncols>1280</ncols></imagesize><object><name>1</name><deleted>0</deleted><verified>0</verified><occluded>no</occluded><attributes /><parts><hasparts /><ispartof /></parts><date>02-Apr-2017 18:31:57</date><id>0</id><type>bounding_box</type><polygon><username>anonymous</username><pt><x>657</x><y>115</y></pt><pt><x>703</x><y>115</y></pt><pt><x>703</x><y>149</y></pt><pt><x>657</x><y>149</y></pt></polygon></object><object><name>1</name><deleted>0</deleted><verified>0</verified><occluded>no</occluded><attributes /><parts><hasparts /><ispartof /></parts><date>02-Apr-2017 18:32:00</date><id>1</id><type>bounding_box</type><polygon><username>anonymous</username><pt><x>885</x><y>216</y></pt><pt><x>923</x><y>216</y></pt><pt><x>923</x><y>264</y></pt><pt><x>885</x><y>264</y></pt></polygon></object></annotation>