<annotation><filename>438.jpg</filename><folder>users/77880077//merge_new</folder><source><submittedBy>tianchengguo</submittedBy></source><imagesize><nrows>720</nrows><ncols>1280</ncols></imagesize><object><name>1</name><deleted>0</deleted><verified>0</verified><occluded>no</occluded><attributes /><parts><hasparts /><ispartof /></parts><date>02-Apr-2017 19:30:36</date><id>0</id><type>bounding_box</type><polygon><username>anonymous</username><pt><x>568</x><y>138</y></pt><pt><x>602</x><y>138</y></pt><pt><x>602</x><y>172</y></pt><pt><x>568</x><y>172</y></pt></polygon></object><object><name>1</name><deleted>0</deleted><verified>0</verified><occluded>no</occluded><attributes /><parts><hasparts /><ispartof /></parts><date>02-Apr-2017 19:30:38</date><id>1</id><type>bounding_box</type><polygon><username>anonymous</username><pt><x>884</x><y>205</y></pt><pt><x>913</x><y>205</y></pt><pt><x>913</x><y>235</y></pt><pt><x>884</x><y>235</y></pt></polygon></object><object><name>1</name><deleted>0</deleted><verified>0</verified><occluded>no</occluded><attributes /><parts><hasparts /><ispartof /></parts><date>02-Apr-2017 19:30:40</date><id>2</id><type>bounding_box</type><polygon><username>anonymous</username><pt><x>1006</x><y>333</y></pt><pt><x>1039</x><y>333</y></pt><pt><x>1039</x><y>371</y></pt><pt><x>1006</x><y>371</y></pt></polygon></object><object><name>1</name><deleted>0</deleted><verified>0</verified><occluded>no</occluded><attributes /><parts><hasparts /><ispartof /></parts><date>08-Apr-2017 05:02:29</date><id>3</id><type>bounding_box</type><polygon><username>gtc</username><pt><x>424</x><y>250</y></pt><pt><x>460</x><y>250</y></pt><pt><x>460</x><y>287</y></pt><pt><x>424</x><y>287</y></pt></polygon></object></annotation>