<annotation><filename>335.jpg</filename><folder>users/77880077//merge_new</folder><source><submittedBy>tianchengguo</submittedBy></source><imagesize><nrows>720</nrows><ncols>1280</ncols></imagesize><object><name>1</name><deleted>0</deleted><verified>0</verified><occluded>no</occluded><attributes /><parts><hasparts /><ispartof /></parts><date>02-Apr-2017 19:17:45</date><id>0</id><type>bounding_box</type><polygon><username>anonymous</username><pt><x>185</x><y>70</y></pt><pt><x>210</x><y>70</y></pt><pt><x>210</x><y>102</y></pt><pt><x>185</x><y>102</y></pt></polygon></object><object><name>1</name><deleted>0</deleted><verified>0</verified><occluded>no</occluded><attributes /><parts><hasparts /><ispartof /></parts><date>02-Apr-2017 19:17:47</date><id>1</id><type>bounding_box</type><polygon><username>anonymous</username><pt><x>216</x><y>154</y></pt><pt><x>241</x><y>154</y></pt><pt><x>241</x><y>179</y></pt><pt><x>216</x><y>179</y></pt></polygon></object><object><name>1</name><deleted>0</deleted><verified>0</verified><occluded>no</occluded><attributes /><parts><hasparts /><ispartof /></parts><date>02-Apr-2017 19:17:50</date><id>2</id><type>bounding_box</type><polygon><username>anonymous</username><pt><x>680</x><y>63</y></pt><pt><x>703</x><y>63</y></pt><pt><x>703</x><y>96</y></pt><pt><x>680</x><y>96</y></pt></polygon></object></annotation>