<annotation><filename>339.jpg</filename><folder>users/77880077//merge_new</folder><source><submittedBy>tianchengguo</submittedBy></source><imagesize><nrows>720</nrows><ncols>1280</ncols></imagesize><object><name>1</name><deleted>0</deleted><verified>0</verified><occluded>no</occluded><attributes /><parts><hasparts /><ispartof /></parts><date>02-Apr-2017 19:18:12</date><id>0</id><type>bounding_box</type><polygon><username>anonymous</username><pt><x>115</x><y>211</y></pt><pt><x>146</x><y>211</y></pt><pt><x>146</x><y>235</y></pt><pt><x>115</x><y>235</y></pt></polygon></object><object><name>1</name><deleted>0</deleted><verified>0</verified><occluded>no</occluded><attributes /><parts><hasparts /><ispartof /></parts><date>02-Apr-2017 19:18:14</date><id>1</id><type>bounding_box</type><polygon><username>anonymous</username><pt><x>114</x><y>76</y></pt><pt><x>138</x><y>76</y></pt><pt><x>138</x><y>110</y></pt><pt><x>114</x><y>110</y></pt></polygon></object><object><name>1</name><deleted>0</deleted><verified>0</verified><occluded>no</occluded><attributes /><parts><hasparts /><ispartof /></parts><date>02-Apr-2017 19:18:18</date><id>2</id><type>bounding_box</type><polygon><username>anonymous</username><pt><x>1123</x><y>500</y></pt><pt><x>1150</x><y>500</y></pt><pt><x>1150</x><y>535</y></pt><pt><x>1123</x><y>535</y></pt></polygon></object><object><name>1</name><deleted>0</deleted><verified>0</verified><occluded>no</occluded><attributes /><parts><hasparts /><ispartof /></parts><date>08-Apr-2017 04:48:22</date><id>3</id><type>bounding_box</type><polygon><username>gtc</username><pt><x>816</x><y>186</y></pt><pt><x>852</x><y>186</y></pt><pt><x>852</x><y>223</y></pt><pt><x>816</x><y>223</y></pt></polygon></object><object><name>1</name><deleted>0</deleted><verified>0</verified><occluded>no</occluded><attributes /><parts><hasparts /><ispartof /></parts><date>08-Apr-2017 04:48:25</date><id>4</id><type>bounding_box</type><polygon><username>gtc</username><pt><x>1162</x><y>274</y></pt><pt><x>1189</x><y>274</y></pt><pt><x>1189</x><y>300</y></pt><pt><x>1162</x><y>300</y></pt></polygon></object><object><name>1</name><deleted>0</deleted><verified>0</verified><occluded>no</occluded><attributes /><parts><hasparts /><ispartof /></parts><date>08-Apr-2017 04:48:32</date><id>5</id><type>bounding_box</type><polygon><username>gtc</username><pt><x>1037</x><y>391</y></pt><pt><x>1078</x><y>391</y></pt><pt><x>1078</x><y>418</y></pt><pt><x>1037</x><y>418</y></pt></polygon></object><object><name>1</name><deleted>0</deleted><verified>0</verified><occluded>no</occluded><attributes /><parts><hasparts /><ispartof /></parts><date>08-Apr-2017 04:48:39</date><id>6</id><type>bounding_box</type><polygon><username>gtc</username><pt><x>517</x><y>371</y></pt><pt><x>551</x><y>371</y></pt><pt><x>551</x><y>410</y></pt><pt><x>517</x><y>410</y></pt></polygon></object></annotation>