<annotation><filename>336.jpg</filename><folder>users/77880077//merge_new</folder><source><submittedBy>tianchengguo</submittedBy></source><imagesize><nrows>720</nrows><ncols>1280</ncols></imagesize><object><name>1</name><deleted>0</deleted><verified>0</verified><occluded>no</occluded><attributes /><parts><hasparts /><ispartof /></parts><date>02-Apr-2017 19:17:53</date><id>0</id><type>bounding_box</type><polygon><username>anonymous</username><pt><x>494</x><y>233</y></pt><pt><x>528</x><y>233</y></pt><pt><x>528</x><y>259</y></pt><pt><x>494</x><y>259</y></pt></polygon></object><object><name>1</name><deleted>0</deleted><verified>0</verified><occluded>no</occluded><attributes /><parts><hasparts /><ispartof /></parts><date>02-Apr-2017 19:17:56</date><id>1</id><type>bounding_box</type><polygon><username>anonymous</username><pt><x>1214</x><y>41</y></pt><pt><x>1235</x><y>41</y></pt><pt><x>1235</x><y>67</y></pt><pt><x>1214</x><y>67</y></pt></polygon></object></annotation>