<annotation><filename>34.jpg</filename><folder>users/77880077//merge_new</folder><source><submittedBy>tianchengguo</submittedBy></source><imagesize><nrows>720</nrows><ncols>1280</ncols></imagesize><object><name>1</name><deleted>0</deleted><verified>0</verified><occluded>no</occluded><attributes /><parts><hasparts /><ispartof /></parts><date>02-Apr-2017 18:28:57</date><id>0</id><type>bounding_box</type><polygon><username>anonymous</username><pt><x>11</x><y>186</y></pt><pt><x>41</x><y>186</y></pt><pt><x>41</x><y>222</y></pt><pt><x>11</x><y>222</y></pt></polygon></object><object><name>1</name><deleted>0</deleted><verified>0</verified><occluded>no</occluded><attributes /><parts><hasparts /><ispartof /></parts><date>02-Apr-2017 18:28:59</date><id>1</id><type>bounding_box</type><polygon><username>anonymous</username><pt><x>302</x><y>272</y></pt><pt><x>341</x><y>272</y></pt><pt><x>341</x><y>307</y></pt><pt><x>302</x><y>307</y></pt></polygon></object><object><name>1</name><deleted>0</deleted><verified>0</verified><occluded>no</occluded><attributes /><parts><hasparts /><ispartof /></parts><date>02-Apr-2017 18:29:01</date><id>2</id><type>bounding_box</type><polygon><username>anonymous</username><pt><x>670</x><y>117</y></pt><pt><x>705</x><y>117</y></pt><pt><x>705</x><y>153</y></pt><pt><x>670</x><y>153</y></pt></polygon></object><object><name>1</name><deleted>0</deleted><verified>0</verified><occluded>no</occluded><attributes /><parts><hasparts /><ispartof /></parts><date>02-Apr-2017 18:29:04</date><id>3</id><type>bounding_box</type><polygon><username>anonymous</username><pt><x>1057</x><y>177</y></pt><pt><x>1096</x><y>177</y></pt><pt><x>1096</x><y>224</y></pt><pt><x>1057</x><y>224</y></pt></polygon></object></annotation>