<annotation><filename>58.jpg</filename><folder>users/77880077//merge_new</folder><source><submittedBy>tianchengguo</submittedBy></source><imagesize><nrows>720</nrows><ncols>1280</ncols></imagesize><object><name>1</name><deleted>0</deleted><verified>0</verified><occluded>no</occluded><attributes /><parts><hasparts /><ispartof /></parts><date>02-Apr-2017 18:33:53</date><id>0</id><type>bounding_box</type><polygon><username>anonymous</username><pt><x>391</x><y>272</y></pt><pt><x>427</x><y>272</y></pt><pt><x>427</x><y>303</y></pt><pt><x>391</x><y>303</y></pt></polygon></object><object><name>1</name><deleted>0</deleted><verified>0</verified><occluded>no</occluded><attributes /><parts><hasparts /><ispartof /></parts><date>02-Apr-2017 18:33:56</date><id>1</id><type>bounding_box</type><polygon><username>anonymous</username><pt><x>425</x><y>411</y></pt><pt><x>455</x><y>411</y></pt><pt><x>455</x><y>439</y></pt><pt><x>425</x><y>439</y></pt></polygon></object><object><name>1</name><deleted>0</deleted><verified>0</verified><occluded>no</occluded><attributes /><parts><hasparts /><ispartof /></parts><date>02-Apr-2017 18:34:00</date><id>2</id><type>bounding_box</type><polygon><username>anonymous</username><pt><x>623</x><y>106</y></pt><pt><x>651</x><y>106</y></pt><pt><x>651</x><y>132</y></pt><pt><x>623</x><y>132</y></pt></polygon></object><object><name>1</name><deleted>0</deleted><verified>0</verified><occluded>no</occluded><attributes /><parts><hasparts /><ispartof /></parts><date>02-Apr-2017 18:34:03</date><id>3</id><type>bounding_box</type><polygon><username>anonymous</username><pt><x>823</x><y>191</y></pt><pt><x>849</x><y>191</y></pt><pt><x>849</x><y>227</y></pt><pt><x>823</x><y>227</y></pt></polygon></object></annotation>