<annotation><filename>384.jpg</filename><folder>users/77880077//merge_new</folder><source><submittedBy>tianchengguo</submittedBy></source><imagesize><nrows>720</nrows><ncols>1280</ncols></imagesize><object><name>1</name><deleted>0</deleted><verified>0</verified><occluded>no</occluded><attributes /><parts><hasparts /><ispartof /></parts><date>02-Apr-2017 19:23:30</date><id>0</id><type>bounding_box</type><polygon><username>anonymous</username><pt><x>398</x><y>303</y></pt><pt><x>434</x><y>303</y></pt><pt><x>434</x><y>330</y></pt><pt><x>398</x><y>330</y></pt></polygon></object><object><name>1</name><deleted>0</deleted><verified>0</verified><occluded>no</occluded><attributes /><parts><hasparts /><ispartof /></parts><date>02-Apr-2017 19:23:31</date><id>1</id><type>bounding_box</type><polygon><username>anonymous</username><pt><x>612</x><y>336</y></pt><pt><x>642</x><y>336</y></pt><pt><x>642</x><y>363</y></pt><pt><x>612</x><y>363</y></pt></polygon></object><object><name>1</name><deleted>0</deleted><verified>0</verified><occluded>no</occluded><attributes /><parts><hasparts /><ispartof /></parts><date>02-Apr-2017 19:23:34</date><id>2</id><type>bounding_box</type><polygon><username>anonymous</username><pt><x>1105</x><y>287</y></pt><pt><x>1144</x><y>287</y></pt><pt><x>1144</x><y>319</y></pt><pt><x>1105</x><y>319</y></pt></polygon></object><object><name>1</name><deleted>0</deleted><verified>0</verified><occluded>no</occluded><attributes /><parts><hasparts /><ispartof /></parts><date>02-Apr-2017 19:23:36</date><id>3</id><type>bounding_box</type><polygon><username>anonymous</username><pt><x>1165</x><y>202</y></pt><pt><x>1206</x><y>202</y></pt><pt><x>1206</x><y>226</y></pt><pt><x>1165</x><y>226</y></pt></polygon></object></annotation>