<annotation><filename>389.jpg</filename><folder>users/77880077//merge_new</folder><source><submittedBy>tianchengguo</submittedBy></source><imagesize><nrows>720</nrows><ncols>1280</ncols></imagesize><object><name>1</name><deleted>0</deleted><verified>0</verified><occluded>no</occluded><attributes /><parts><hasparts /><ispartof /></parts><date>02-Apr-2017 19:24:12</date><id>0</id><type>bounding_box</type><polygon><username>anonymous</username><pt><x>519</x><y>360</y></pt><pt><x>540</x><y>360</y></pt><pt><x>540</x><y>397</y></pt><pt><x>519</x><y>397</y></pt></polygon></object><object><name>1</name><deleted>0</deleted><verified>0</verified><occluded>no</occluded><attributes /><parts><hasparts /><ispartof /></parts><date>02-Apr-2017 19:24:17</date><id>1</id><type>bounding_box</type><polygon><username>anonymous</username><pt><x>983</x><y>360</y></pt><pt><x>1012</x><y>360</y></pt><pt><x>1012</x><y>393</y></pt><pt><x>983</x><y>393</y></pt></polygon></object><object><name>1</name><deleted>0</deleted><verified>0</verified><occluded>no</occluded><attributes /><parts><hasparts /><ispartof /></parts><date>02-Apr-2017 19:24:19</date><id>2</id><type>bounding_box</type><polygon><username>anonymous</username><pt><x>1129</x><y>172</y></pt><pt><x>1154</x><y>172</y></pt><pt><x>1154</x><y>204</y></pt><pt><x>1129</x><y>204</y></pt></polygon></object><object><name>1</name><deleted>0</deleted><verified>0</verified><occluded>no</occluded><attributes /><parts><hasparts /><ispartof /></parts><date>02-Apr-2017 19:24:22</date><id>3</id><type>bounding_box</type><polygon><username>anonymous</username><pt><x>871</x><y>442</y></pt><pt><x>899</x><y>442</y></pt><pt><x>899</x><y>463</y></pt><pt><x>871</x><y>463</y></pt></polygon></object><object><name>1</name><deleted>0</deleted><verified>0</verified><occluded>no</occluded><attributes /><parts><hasparts /><ispartof /></parts><date>08-Apr-2017 04:55:10</date><id>4</id><type>bounding_box</type><polygon><username>gtc</username><pt><x>591</x><y>428</y></pt><pt><x>665</x><y>428</y></pt><pt><x>665</x><y>455</y></pt><pt><x>591</x><y>455</y></pt></polygon></object></annotation>