<annotation><filename>412.jpg</filename><folder>users/77880077//merge_new</folder><source><submittedBy>tianchengguo</submittedBy></source><imagesize><nrows>720</nrows><ncols>1280</ncols></imagesize><object><name>1</name><deleted>0</deleted><verified>0</verified><occluded>no</occluded><attributes /><parts><hasparts /><ispartof /></parts><date>02-Apr-2017 19:27:13</date><id>0</id><type>bounding_box</type><polygon><username>anonymous</username><pt><x>275</x><y>114</y></pt><pt><x>315</x><y>114</y></pt><pt><x>315</x><y>148</y></pt><pt><x>275</x><y>148</y></pt></polygon></object><object><name>1</name><deleted>0</deleted><verified>0</verified><occluded>no</occluded><attributes /><parts><hasparts /><ispartof /></parts><date>02-Apr-2017 19:27:15</date><id>1</id><type>bounding_box</type><polygon><username>anonymous</username><pt><x>156</x><y>61</y></pt><pt><x>186</x><y>61</y></pt><pt><x>186</x><y>97</y></pt><pt><x>156</x><y>97</y></pt></polygon></object><object><name>1</name><deleted>0</deleted><verified>0</verified><occluded>no</occluded><attributes /><parts><hasparts /><ispartof /></parts><date>02-Apr-2017 19:27:17</date><id>2</id><type>bounding_box</type><polygon><username>anonymous</username><pt><x>187</x><y>222</y></pt><pt><x>221</x><y>222</y></pt><pt><x>221</x><y>256</y></pt><pt><x>187</x><y>256</y></pt></polygon></object><object><name>1</name><deleted>0</deleted><verified>0</verified><occluded>no</occluded><attributes /><parts><hasparts /><ispartof /></parts><date>08-Apr-2017 04:59:03</date><id>3</id><type>bounding_box</type><polygon><username>gtc</username><pt><x>1006</x><y>156</y></pt><pt><x>1047</x><y>156</y></pt><pt><x>1047</x><y>193</y></pt><pt><x>1006</x><y>193</y></pt></polygon></object><object><name>1</name><deleted>0</deleted><verified>0</verified><occluded>no</occluded><attributes /><parts><hasparts /><ispartof /></parts><date>08-Apr-2017 04:59:07</date><id>4</id><type>bounding_box</type><polygon><username>gtc</username><pt><x>1048</x><y>257</y></pt><pt><x>1082</x><y>257</y></pt><pt><x>1082</x><y>290</y></pt><pt><x>1048</x><y>290</y></pt></polygon></object></annotation>