<annotation><filename>363.jpg</filename><folder>users/77880077//merge_new</folder><source><submittedBy>tianchengguo</submittedBy></source><imagesize><nrows>720</nrows><ncols>1280</ncols></imagesize><object><name>1</name><deleted>0</deleted><verified>0</verified><occluded>no</occluded><attributes /><parts><hasparts /><ispartof /></parts><date>02-Apr-2017 19:21:18</date><id>0</id><type>bounding_box</type><polygon><username>anonymous</username><pt><x>547</x><y>97</y></pt><pt><x>580</x><y>97</y></pt><pt><x>580</x><y>135</y></pt><pt><x>547</x><y>135</y></pt></polygon></object><object><name>1</name><deleted>0</deleted><verified>0</verified><occluded>no</occluded><attributes /><parts><hasparts /><ispartof /></parts><date>02-Apr-2017 19:21:20</date><id>1</id><type>bounding_box</type><polygon><username>anonymous</username><pt><x>693</x><y>222</y></pt><pt><x>719</x><y>222</y></pt><pt><x>719</x><y>250</y></pt><pt><x>693</x><y>250</y></pt></polygon></object><object><name>1</name><deleted>0</deleted><verified>0</verified><occluded>no</occluded><attributes /><parts><hasparts /><ispartof /></parts><date>08-Apr-2017 04:51:44</date><id>2</id><type>bounding_box</type><polygon><username>gtc</username><pt><x>893</x><y>348</y></pt><pt><x>926</x><y>348</y></pt><pt><x>926</x><y>377</y></pt><pt><x>893</x><y>377</y></pt></polygon></object><object><name>1</name><deleted>0</deleted><verified>0</verified><occluded>no</occluded><attributes /><parts><hasparts /><ispartof /></parts><date>08-Apr-2017 04:51:49</date><id>3</id><type>bounding_box</type><polygon><username>gtc</username><pt><x>1133</x><y>234</y></pt><pt><x>1168</x><y>234</y></pt><pt><x>1168</x><y>273</y></pt><pt><x>1133</x><y>273</y></pt></polygon></object></annotation>