<annotation><filename>352.jpg</filename><folder>users/77880077//merge_new</folder><source><submittedBy>tianchengguo</submittedBy></source><imagesize><nrows>720</nrows><ncols>1280</ncols></imagesize><object><name>1</name><deleted>0</deleted><verified>0</verified><occluded>no</occluded><attributes /><parts><hasparts /><ispartof /></parts><date>02-Apr-2017 19:19:54</date><id>0</id><type>bounding_box</type><polygon><username>anonymous</username><pt><x>924</x><y>70</y></pt><pt><x>947</x><y>70</y></pt><pt><x>947</x><y>100</y></pt><pt><x>924</x><y>100</y></pt></polygon></object><object><name>1</name><deleted>0</deleted><verified>0</verified><occluded>no</occluded><attributes /><parts><hasparts /><ispartof /></parts><date>02-Apr-2017 19:19:56</date><id>1</id><type>bounding_box</type><polygon><username>anonymous</username><pt><x>1070</x><y>177</y></pt><pt><x>1105</x><y>177</y></pt><pt><x>1105</x><y>205</y></pt><pt><x>1070</x><y>205</y></pt></polygon></object><object><name>1</name><deleted>0</deleted><verified>0</verified><occluded>no</occluded><attributes /><parts><hasparts /><ispartof /></parts><date>02-Apr-2017 19:19:58</date><id>2</id><type>bounding_box</type><polygon><username>anonymous</username><pt><x>270</x><y>105</y></pt><pt><x>297</x><y>105</y></pt><pt><x>297</x><y>131</y></pt><pt><x>270</x><y>131</y></pt></polygon></object></annotation>