<annotation><filename>38.jpg</filename><folder>users/77880077//merge_new</folder><source><submittedBy>tianchengguo</submittedBy></source><imagesize><nrows>720</nrows><ncols>1280</ncols></imagesize><object><name>1</name><deleted>0</deleted><verified>0</verified><occluded>no</occluded><attributes /><parts><hasparts /><ispartof /></parts><date>02-Apr-2017 18:29:35</date><id>0</id><type>bounding_box</type><polygon><username>anonymous</username><pt><x>346</x><y>98</y></pt><pt><x>391</x><y>98</y></pt><pt><x>391</x><y>142</y></pt><pt><x>346</x><y>142</y></pt></polygon></object><object><name>1</name><deleted>0</deleted><verified>0</verified><occluded>no</occluded><attributes /><parts><hasparts /><ispartof /></parts><date>02-Apr-2017 18:29:37</date><id>1</id><type>bounding_box</type><polygon><username>anonymous</username><pt><x>410</x><y>233</y></pt><pt><x>450</x><y>233</y></pt><pt><x>450</x><y>270</y></pt><pt><x>410</x><y>270</y></pt></polygon></object><object><name>1</name><deleted>0</deleted><verified>0</verified><occluded>no</occluded><attributes /><parts><hasparts /><ispartof /></parts><date>02-Apr-2017 18:29:40</date><id>2</id><type>bounding_box</type><polygon><username>anonymous</username><pt><x>1135</x><y>136</y></pt><pt><x>1169</x><y>136</y></pt><pt><x>1169</x><y>181</y></pt><pt><x>1135</x><y>181</y></pt></polygon></object></annotation>