<annotation><filename>357.jpg</filename><folder>users/77880077//merge_new</folder><source><submittedBy>tianchengguo</submittedBy></source><imagesize><nrows>720</nrows><ncols>1280</ncols></imagesize><object><name>1</name><deleted>0</deleted><verified>0</verified><occluded>no</occluded><attributes /><parts><hasparts /><ispartof /></parts><date>02-Apr-2017 19:20:25</date><id>0</id><type>bounding_box</type><polygon><username>anonymous</username><pt><x>245</x><y>119</y></pt><pt><x>273</x><y>119</y></pt><pt><x>273</x><y>142</y></pt><pt><x>245</x><y>142</y></pt></polygon></object><object><name>1</name><deleted>0</deleted><verified>0</verified><occluded>no</occluded><attributes /><parts><hasparts /><ispartof /></parts><date>02-Apr-2017 19:20:27</date><id>1</id><type>bounding_box</type><polygon><username>anonymous</username><pt><x>857</x><y>339</y></pt><pt><x>896</x><y>339</y></pt><pt><x>896</x><y>366</y></pt><pt><x>857</x><y>366</y></pt></polygon></object><object><name>1</name><deleted>0</deleted><verified>0</verified><occluded>no</occluded><attributes /><parts><hasparts /><ispartof /></parts><date>02-Apr-2017 19:20:29</date><id>2</id><type>bounding_box</type><polygon><username>anonymous</username><pt><x>415</x><y>301</y></pt><pt><x>445</x><y>301</y></pt><pt><x>445</x><y>334</y></pt><pt><x>415</x><y>334</y></pt></polygon></object></annotation>