<annotation><filename>26.jpg</filename><folder>users/77880077//merge_new</folder><source><submittedBy>tianchengguo</submittedBy></source><imagesize><nrows>720</nrows><ncols>1280</ncols></imagesize><object><name>1</name><deleted>0</deleted><verified>0</verified><occluded>no</occluded><attributes /><parts><hasparts /><ispartof /></parts><date>02-Apr-2017 18:27:09</date><id>0</id><type>bounding_box</type><polygon><username>anonymous</username><pt><x>360</x><y>227</y></pt><pt><x>402</x><y>227</y></pt><pt><x>402</x><y>275</y></pt><pt><x>360</x><y>275</y></pt></polygon></object><object><name>1</name><deleted>0</deleted><verified>0</verified><occluded>no</occluded><attributes /><parts><hasparts /><ispartof /></parts><date>02-Apr-2017 18:27:12</date><id>1</id><type>bounding_box</type><polygon><username>anonymous</username><pt><x>593</x><y>14</y></pt><pt><x>636</x><y>14</y></pt><pt><x>636</x><y>53</y></pt><pt><x>593</x><y>53</y></pt></polygon></object><object><name>1</name><deleted>0</deleted><verified>0</verified><occluded>no</occluded><attributes /><parts><hasparts /><ispartof /></parts><date>02-Apr-2017 18:27:14</date><id>2</id><type>bounding_box</type><polygon><username>anonymous</username><pt><x>526</x><y>349</y></pt><pt><x>563</x><y>349</y></pt><pt><x>563</x><y>389</y></pt><pt><x>526</x><y>389</y></pt></polygon></object><object><name>1</name><deleted>0</deleted><verified>0</verified><occluded>no</occluded><attributes /><parts><hasparts /><ispartof /></parts><date>02-Apr-2017 18:27:17</date><id>3</id><type>bounding_box</type><polygon><username>anonymous</username><pt><x>1165</x><y>31</y></pt><pt><x>1197</x><y>31</y></pt><pt><x>1197</x><y>67</y></pt><pt><x>1165</x><y>67</y></pt></polygon></object><object><name>1</name><deleted>0</deleted><verified>0</verified><occluded>no</occluded><attributes /><parts><hasparts /><ispartof /></parts><date>02-Apr-2017 18:27:21</date><id>4</id><type>bounding_box</type><polygon><username>anonymous</username><pt><x>1235</x><y>233</y></pt><pt><x>1270</x><y>233</y></pt><pt><x>1270</x><y>275</y></pt><pt><x>1235</x><y>275</y></pt></polygon></object><object><name>1</name><deleted>0</deleted><verified>0</verified><occluded>no</occluded><attributes /><parts><hasparts /><ispartof /></parts><date>08-Apr-2017 03:56:24</date><id>5</id><type>bounding_box</type><polygon><username>gtc</username><pt><x>790</x><y>198</y></pt><pt><x>819</x><y>198</y></pt><pt><x>819</x><y>230</y></pt><pt><x>790</x><y>230</y></pt></polygon></object><object><name>1</name><deleted>0</deleted><verified>0</verified><occluded>no</occluded><attributes /><parts><hasparts /><ispartof /></parts><date>08-Apr-2017 03:56:33</date><id>6</id><type>bounding_box</type><polygon><username>gtc</username><pt><x>1149</x><y>138</y></pt><pt><x>1188</x><y>138</y></pt><pt><x>1188</x><y>181</y></pt><pt><x>1149</x><y>181</y></pt></polygon></object></annotation>