<annotation><filename>406.jpg</filename><folder>users/77880077//merge_new</folder><source><submittedBy>tianchengguo</submittedBy></source><imagesize><nrows>720</nrows><ncols>1280</ncols></imagesize><object><name>1</name><deleted>0</deleted><verified>0</verified><occluded>no</occluded><attributes /><parts><hasparts /><ispartof /></parts><date>02-Apr-2017 19:26:25</date><id>0</id><type>bounding_box</type><polygon><username>anonymous</username><pt><x>279</x><y>162</y></pt><pt><x>310</x><y>162</y></pt><pt><x>310</x><y>195</y></pt><pt><x>279</x><y>195</y></pt></polygon></object><object><name>1</name><deleted>0</deleted><verified>0</verified><occluded>no</occluded><attributes /><parts><hasparts /><ispartof /></parts><date>02-Apr-2017 19:26:26</date><id>1</id><type>bounding_box</type><polygon><username>anonymous</username><pt><x>655</x><y>254</y></pt><pt><x>691</x><y>254</y></pt><pt><x>691</x><y>297</y></pt><pt><x>655</x><y>297</y></pt></polygon></object><object><name>1</name><deleted>0</deleted><verified>0</verified><occluded>no</occluded><attributes /><parts><hasparts /><ispartof /></parts><date>02-Apr-2017 19:26:28</date><id>2</id><type>bounding_box</type><polygon><username>anonymous</username><pt><x>1144</x><y>213</y></pt><pt><x>1174</x><y>213</y></pt><pt><x>1174</x><y>248</y></pt><pt><x>1144</x><y>248</y></pt></polygon></object><object><name>1</name><deleted>0</deleted><verified>0</verified><occluded>no</occluded><attributes /><parts><hasparts /><ispartof /></parts><date>08-Apr-2017 04:57:21</date><id>3</id><type>bounding_box</type><polygon><username>gtc</username><pt><x>777</x><y>386</y></pt><pt><x>800</x><y>386</y></pt><pt><x>800</x><y>416</y></pt><pt><x>777</x><y>416</y></pt></polygon></object></annotation>