<annotation><filename>419.jpg</filename><folder>users/77880077//merge_new</folder><source><submittedBy>tianchengguo</submittedBy></source><imagesize><nrows>720</nrows><ncols>1280</ncols></imagesize><object><name>1</name><deleted>0</deleted><verified>0</verified><occluded>no</occluded><attributes /><parts><hasparts /><ispartof /></parts><date>02-Apr-2017 19:28:11</date><id>3</id><type>bounding_box</type><polygon><username>anonymous</username><pt><x>995</x><y>218</y></pt><pt><x>1027</x><y>218</y></pt><pt><x>1027</x><y>252</y></pt><pt><x>995</x><y>252</y></pt></polygon></object><object><name>1</name><deleted>0</deleted><verified>0</verified><occluded>no</occluded><attributes /><parts><hasparts /><ispartof /></parts><date>02-Apr-2017 19:28:13</date><id>1</id><type>bounding_box</type><polygon><username>anonymous</username><pt><x>655</x><y>255</y></pt><pt><x>690</x><y>255</y></pt><pt><x>690</x><y>288</y></pt><pt><x>655</x><y>288</y></pt></polygon></object></annotation>