<annotation><filename>498.jpg</filename><folder>users/77880077//merge_new</folder><source><submittedBy>tianchengguo</submittedBy></source><imagesize><nrows>720</nrows><ncols>1280</ncols></imagesize><object><name>1</name><deleted>0</deleted><verified>0</verified><occluded>no</occluded><attributes /><parts><hasparts /><ispartof /></parts><date>02-Apr-2017 19:37:56</date><id>0</id><type>bounding_box</type><polygon><username>anonymous</username><pt><x>91</x><y>298</y></pt><pt><x>119</x><y>298</y></pt><pt><x>119</x><y>337</y></pt><pt><x>91</x><y>337</y></pt></polygon></object><object><name>1</name><deleted>0</deleted><verified>0</verified><occluded>no</occluded><attributes /><parts><hasparts /><ispartof /></parts><date>02-Apr-2017 19:37:58</date><id>1</id><type>bounding_box</type><polygon><username>anonymous</username><pt><x>6</x><y>176</y></pt><pt><x>35</x><y>176</y></pt><pt><x>35</x><y>210</y></pt><pt><x>6</x><y>210</y></pt></polygon></object><object><name>1</name><deleted>0</deleted><verified>0</verified><occluded>no</occluded><attributes /><parts><hasparts /><ispartof /></parts><date>02-Apr-2017 19:38:00</date><id>2</id><type>bounding_box</type><polygon><username>anonymous</username><pt><x>1165</x><y>294</y></pt><pt><x>1209</x><y>294</y></pt><pt><x>1209</x><y>344</y></pt><pt><x>1165</x><y>344</y></pt></polygon></object></annotation>