<annotation><filename>416.jpg</filename><folder>users/77880077//merge_new</folder><source><submittedBy>tianchengguo</submittedBy></source><imagesize><nrows>720</nrows><ncols>1280</ncols></imagesize><object><name>1</name><deleted>0</deleted><verified>0</verified><occluded>no</occluded><attributes /><parts><hasparts /><ispartof /></parts><date>02-Apr-2017 19:27:50</date><id>0</id><type>bounding_box</type><polygon><username>anonymous</username><pt><x>238</x><y>119</y></pt><pt><x>267</x><y>119</y></pt><pt><x>267</x><y>148</y></pt><pt><x>238</x><y>148</y></pt></polygon></object><object><name>1</name><deleted>0</deleted><verified>0</verified><occluded>no</occluded><attributes /><parts><hasparts /><ispartof /></parts><date>02-Apr-2017 19:27:52</date><id>1</id><type>bounding_box</type><polygon><username>anonymous</username><pt><x>495</x><y>250</y></pt><pt><x>533</x><y>250</y></pt><pt><x>533</x><y>293</y></pt><pt><x>495</x><y>293</y></pt></polygon></object><object><name>1</name><deleted>0</deleted><verified>0</verified><occluded>no</occluded><attributes /><parts><hasparts /><ispartof /></parts><date>08-Apr-2017 04:59:31</date><id>2</id><type>bounding_box</type><polygon><username>gtc</username><pt><x>752</x><y>84</y></pt><pt><x>784</x><y>84</y></pt><pt><x>784</x><y>116</y></pt><pt><x>752</x><y>116</y></pt></polygon></object><object><name>1</name><deleted>0</deleted><verified>0</verified><occluded>no</occluded><attributes /><parts><hasparts /><ispartof /></parts><date>08-Apr-2017 04:59:33</date><id>3</id><type>bounding_box</type><polygon><username>gtc</username><pt><x>706</x><y>309</y></pt><pt><x>733</x><y>309</y></pt><pt><x>733</x><y>344</y></pt><pt><x>706</x><y>344</y></pt></polygon></object><object><name>1</name><deleted>0</deleted><verified>0</verified><occluded>no</occluded><attributes /><parts><hasparts /><ispartof /></parts><date>08-Apr-2017 04:59:38</date><id>4</id><type>bounding_box</type><polygon><username>gtc</username><pt><x>959</x><y>333</y></pt><pt><x>986</x><y>333</y></pt><pt><x>986</x><y>363</y></pt><pt><x>959</x><y>363</y></pt></polygon></object></annotation>