<annotation><filename>454.jpg</filename><folder>users/77880077//merge_new</folder><source><submittedBy>tianchengguo</submittedBy></source><imagesize><nrows>720</nrows><ncols>1280</ncols></imagesize><object><name>1</name><deleted>0</deleted><verified>0</verified><occluded>no</occluded><attributes /><parts><hasparts /><ispartof /></parts><date>02-Apr-2017 19:32:31</date><id>0</id><type>bounding_box</type><polygon><username>anonymous</username><pt><x>399</x><y>248</y></pt><pt><x>432</x><y>248</y></pt><pt><x>432</x><y>280</y></pt><pt><x>399</x><y>280</y></pt></polygon></object><object><name>1</name><deleted>0</deleted><verified>0</verified><occluded>no</occluded><attributes /><parts><hasparts /><ispartof /></parts><date>08-Apr-2017 05:04:29</date><id>1</id><type>bounding_box</type><polygon><username>gtc</username><pt><x>578</x><y>125</y></pt><pt><x>614</x><y>125</y></pt><pt><x>614</x><y>156</y></pt><pt><x>578</x><y>156</y></pt></polygon></object><object><name>1</name><deleted>0</deleted><verified>0</verified><occluded>no</occluded><attributes /><parts><hasparts /><ispartof /></parts><date>08-Apr-2017 05:04:32</date><id>2</id><type>bounding_box</type><polygon><username>gtc</username><pt><x>206</x><y>363</y></pt><pt><x>241</x><y>363</y></pt><pt><x>241</x><y>402</y></pt><pt><x>206</x><y>402</y></pt></polygon></object><object><name>1</name><deleted>0</deleted><verified>0</verified><occluded>no</occluded><attributes /><parts><hasparts /><ispartof /></parts><date>08-Apr-2017 05:04:35</date><id>3</id><type>bounding_box</type><polygon><username>gtc</username><pt><x>151</x><y>395</y></pt><pt><x>183</x><y>395</y></pt><pt><x>183</x><y>427</y></pt><pt><x>151</x><y>427</y></pt></polygon></object></annotation>