<annotation><filename>377.jpg</filename><folder>users/77880077//merge_new</folder><source><submittedBy>tianchengguo</submittedBy></source><imagesize><nrows>720</nrows><ncols>1280</ncols></imagesize><object><name>1</name><deleted>0</deleted><verified>0</verified><occluded>no</occluded><attributes /><parts><hasparts /><ispartof /></parts><date>02-Apr-2017 19:22:46</date><id>0</id><type>bounding_box</type><polygon><username>anonymous</username><pt><x>183</x><y>41</y></pt><pt><x>213</x><y>41</y></pt><pt><x>213</x><y>70</y></pt><pt><x>183</x><y>70</y></pt></polygon></object><object><name>1</name><deleted>0</deleted><verified>0</verified><occluded>no</occluded><attributes /><parts><hasparts /><ispartof /></parts><date>02-Apr-2017 19:22:48</date><id>1</id><type>bounding_box</type><polygon><username>anonymous</username><pt><x>497</x><y>220</y></pt><pt><x>528</x><y>220</y></pt><pt><x>528</x><y>250</y></pt><pt><x>497</x><y>250</y></pt></polygon></object><object><name>1</name><deleted>0</deleted><verified>0</verified><occluded>no</occluded><attributes /><parts><hasparts /><ispartof /></parts><date>02-Apr-2017 19:22:49</date><id>2</id><type>bounding_box</type><polygon><username>anonymous</username><pt><x>1093</x><y>264</y></pt><pt><x>1135</x><y>264</y></pt><pt><x>1135</x><y>298</y></pt><pt><x>1093</x><y>298</y></pt></polygon></object></annotation>