<annotation><filename>482.jpg</filename><folder>users/77880077//merge_new</folder><source><submittedBy>tianchengguo</submittedBy></source><imagesize><nrows>720</nrows><ncols>1280</ncols></imagesize><object><name>1</name><deleted>0</deleted><verified>0</verified><occluded>no</occluded><attributes /><parts><hasparts /><ispartof /></parts><date>02-Apr-2017 19:36:06</date><id>0</id><type>bounding_box</type><polygon><username>anonymous</username><pt><x>425</x><y>275</y></pt><pt><x>456</x><y>275</y></pt><pt><x>456</x><y>309</y></pt><pt><x>425</x><y>309</y></pt></polygon></object><object><name>1</name><deleted>0</deleted><verified>0</verified><occluded>no</occluded><attributes /><parts><hasparts /><ispartof /></parts><date>08-Apr-2017 05:08:46</date><id>1</id><type>bounding_box</type><polygon><username>gtc</username><pt><x>732</x><y>234</y></pt><pt><x>766</x><y>234</y></pt><pt><x>766</x><y>257</y></pt><pt><x>732</x><y>257</y></pt></polygon></object><object><name>1</name><deleted>0</deleted><verified>0</verified><occluded>no</occluded><attributes /><parts><hasparts /><ispartof /></parts><date>08-Apr-2017 05:08:49</date><id>2</id><type>bounding_box</type><polygon><username>gtc</username><pt><x>763</x><y>157</y></pt><pt><x>797</x><y>157</y></pt><pt><x>797</x><y>191</y></pt><pt><x>763</x><y>191</y></pt></polygon></object></annotation>