<annotation><filename>466.jpg</filename><folder>users/77880077//merge_new</folder><source><submittedBy>tianchengguo</submittedBy></source><imagesize><nrows>720</nrows><ncols>1280</ncols></imagesize><object><name>1</name><deleted>0</deleted><verified>0</verified><occluded>no</occluded><attributes /><parts><hasparts /><ispartof /></parts><date>02-Apr-2017 19:34:15</date><id>0</id><type>bounding_box</type><polygon><username>anonymous</username><pt><x>158</x><y>318</y></pt><pt><x>189</x><y>318</y></pt><pt><x>189</x><y>346</y></pt><pt><x>158</x><y>346</y></pt></polygon></object><object><name>1</name><deleted>0</deleted><verified>0</verified><occluded>no</occluded><attributes /><parts><hasparts /><ispartof /></parts><date>02-Apr-2017 19:34:17</date><id>1</id><type>bounding_box</type><polygon><username>anonymous</username><pt><x>129</x><y>344</y></pt><pt><x>162</x><y>344</y></pt><pt><x>162</x><y>376</y></pt><pt><x>129</x><y>376</y></pt></polygon></object><object><name>1</name><deleted>0</deleted><verified>0</verified><occluded>no</occluded><attributes /><parts><hasparts /><ispartof /></parts><date>02-Apr-2017 19:34:19</date><id>2</id><type>bounding_box</type><polygon><username>anonymous</username><pt><x>714</x><y>335</y></pt><pt><x>747</x><y>335</y></pt><pt><x>747</x><y>375</y></pt><pt><x>714</x><y>375</y></pt></polygon></object></annotation>