<annotation><filename>464.jpg</filename><folder>users/77880077//merge_new</folder><source><submittedBy>tianchengguo</submittedBy></source><imagesize><nrows>720</nrows><ncols>1280</ncols></imagesize><object><name>1</name><deleted>0</deleted><verified>0</verified><occluded>no</occluded><attributes /><parts><hasparts /><ispartof /></parts><date>02-Apr-2017 19:33:56</date><id>0</id><type>bounding_box</type><polygon><username>anonymous</username><pt><x>398</x><y>42</y></pt><pt><x>423</x><y>42</y></pt><pt><x>423</x><y>72</y></pt><pt><x>398</x><y>72</y></pt></polygon></object><object><name>1</name><deleted>0</deleted><verified>0</verified><occluded>no</occluded><attributes /><parts><hasparts /><ispartof /></parts><date>02-Apr-2017 19:33:58</date><id>1</id><type>bounding_box</type><polygon><username>anonymous</username><pt><x>221</x><y>245</y></pt><pt><x>258</x><y>245</y></pt><pt><x>258</x><y>265</y></pt><pt><x>221</x><y>265</y></pt></polygon></object><object><name>1</name><deleted>0</deleted><verified>0</verified><occluded>no</occluded><attributes /><parts><hasparts /><ispartof /></parts><date>02-Apr-2017 19:34:00</date><id>2</id><type>bounding_box</type><polygon><username>anonymous</username><pt><x>386</x><y>250</y></pt><pt><x>415</x><y>250</y></pt><pt><x>415</x><y>276</y></pt><pt><x>386</x><y>276</y></pt></polygon></object><object><name>1</name><deleted>0</deleted><verified>0</verified><occluded>no</occluded><attributes /><parts><hasparts /><ispartof /></parts><date>02-Apr-2017 19:34:03</date><id>3</id><type>bounding_box</type><polygon><username>anonymous</username><pt><x>702</x><y>237</y></pt><pt><x>742</x><y>237</y></pt><pt><x>742</x><y>266</y></pt><pt><x>702</x><y>266</y></pt></polygon></object><object><name>1</name><deleted>0</deleted><verified>0</verified><occluded>no</occluded><attributes /><parts><hasparts /><ispartof /></parts><date>08-Apr-2017 05:05:53</date><id>4</id><type>bounding_box</type><polygon><username>gtc</username><pt><x>747</x><y>94</y></pt><pt><x>787</x><y>94</y></pt><pt><x>787</x><y>136</y></pt><pt><x>747</x><y>136</y></pt></polygon></object></annotation>