<annotation><filename>475.jpg</filename><folder>users/77880077//merge_new</folder><source><submittedBy>tianchengguo</submittedBy></source><imagesize><nrows>720</nrows><ncols>1280</ncols></imagesize><object><name>1</name><deleted>0</deleted><verified>0</verified><occluded>no</occluded><attributes /><parts><hasparts /><ispartof /></parts><date>02-Apr-2017 19:35:11</date><id>0</id><type>bounding_box</type><polygon><username>anonymous</username><pt><x>286</x><y>279</y></pt><pt><x>323</x><y>279</y></pt><pt><x>323</x><y>316</y></pt><pt><x>286</x><y>316</y></pt></polygon></object><object><name>1</name><deleted>0</deleted><verified>0</verified><occluded>no</occluded><attributes /><parts><hasparts /><ispartof /></parts><date>02-Apr-2017 19:35:13</date><id>1</id><type>bounding_box</type><polygon><username>anonymous</username><pt><x>1068</x><y>140</y></pt><pt><x>1106</x><y>140</y></pt><pt><x>1106</x><y>183</y></pt><pt><x>1068</x><y>183</y></pt></polygon></object><object><name>1</name><deleted>0</deleted><verified>0</verified><occluded>no</occluded><attributes /><parts><hasparts /><ispartof /></parts><date>02-Apr-2017 19:35:15</date><id>2</id><type>bounding_box</type><polygon><username>anonymous</username><pt><x>1088</x><y>58</y></pt><pt><x>1128</x><y>58</y></pt><pt><x>1128</x><y>101</y></pt><pt><x>1088</x><y>101</y></pt></polygon></object><object><name>1</name><deleted>0</deleted><verified>0</verified><occluded>no</occluded><attributes /><parts><hasparts /><ispartof /></parts><date>08-Apr-2017 05:07:47</date><id>3</id><type>bounding_box</type><polygon><username>gtc</username><pt><x>488</x><y>408</y></pt><pt><x>519</x><y>408</y></pt><pt><x>519</x><y>443</y></pt><pt><x>488</x><y>443</y></pt></polygon></object></annotation>