<annotation><filename>480.jpg</filename><folder>users/77880077//merge_new</folder><source><submittedBy>tianchengguo</submittedBy></source><imagesize><nrows>720</nrows><ncols>1280</ncols></imagesize><object><name>1</name><deleted>0</deleted><verified>0</verified><occluded>no</occluded><attributes /><parts><hasparts /><ispartof /></parts><date>02-Apr-2017 19:35:51</date><id>0</id><type>bounding_box</type><polygon><username>anonymous</username><pt><x>497</x><y>162</y></pt><pt><x>531</x><y>162</y></pt><pt><x>531</x><y>202</y></pt><pt><x>497</x><y>202</y></pt></polygon></object><object><name>1</name><deleted>0</deleted><verified>0</verified><occluded>no</occluded><attributes /><parts><hasparts /><ispartof /></parts><date>02-Apr-2017 19:35:54</date><id>1</id><type>bounding_box</type><polygon><username>anonymous</username><pt><x>1151</x><y>430</y></pt><pt><x>1183</x><y>430</y></pt><pt><x>1183</x><y>467</y></pt><pt><x>1151</x><y>467</y></pt></polygon></object><object><name>1</name><deleted>0</deleted><verified>0</verified><occluded>no</occluded><attributes /><parts><hasparts /><ispartof /></parts><date>08-Apr-2017 05:08:27</date><id>2</id><type>bounding_box</type><polygon><username>gtc</username><pt><x>544</x><y>225</y></pt><pt><x>588</x><y>225</y></pt><pt><x>588</x><y>261</y></pt><pt><x>544</x><y>261</y></pt></polygon></object><object><name>1</name><deleted>0</deleted><verified>0</verified><occluded>no</occluded><attributes /><parts><hasparts /><ispartof /></parts><date>08-Apr-2017 05:08:29</date><id>3</id><type>bounding_box</type><polygon><username>gtc</username><pt><x>509</x><y>384</y></pt><pt><x>549</x><y>384</y></pt><pt><x>549</x><y>418</y></pt><pt><x>509</x><y>418</y></pt></polygon></object><object><name>1</name><deleted>0</deleted><verified>0</verified><occluded>no</occluded><attributes /><parts><hasparts /><ispartof /></parts><date>08-Apr-2017 05:08:34</date><id>4</id><type>bounding_box</type><polygon><username>gtc</username><pt><x>878</x><y>386</y></pt><pt><x>913</x><y>386</y></pt><pt><x>913</x><y>422</y></pt><pt><x>878</x><y>422</y></pt></polygon></object></annotation>