<annotation><filename>484.jpg</filename><folder>users/77880077//merge_new</folder><source><submittedBy>tianchengguo</submittedBy></source><imagesize><nrows>720</nrows><ncols>1280</ncols></imagesize><object><name>1</name><deleted>0</deleted><verified>0</verified><occluded>no</occluded><attributes /><parts><hasparts /><ispartof /></parts><date>02-Apr-2017 19:36:21</date><id>0</id><type>bounding_box</type><polygon><username>anonymous</username><pt><x>526</x><y>46</y></pt><pt><x>562</x><y>46</y></pt><pt><x>562</x><y>83</y></pt><pt><x>526</x><y>83</y></pt></polygon></object><object><name>1</name><deleted>0</deleted><verified>0</verified><occluded>no</occluded><attributes /><parts><hasparts /><ispartof /></parts><date>02-Apr-2017 19:36:24</date><id>1</id><type>bounding_box</type><polygon><username>anonymous</username><pt><x>362</x><y>319</y></pt><pt><x>398</x><y>319</y></pt><pt><x>398</x><y>357</y></pt><pt><x>362</x><y>357</y></pt></polygon></object><object><name>1</name><deleted>0</deleted><verified>0</verified><occluded>no</occluded><attributes /><parts><hasparts /><ispartof /></parts><date>08-Apr-2017 05:09:07</date><id>2</id><type>bounding_box</type><polygon><username>gtc</username><pt><x>685</x><y>102</y></pt><pt><x>727</x><y>102</y></pt><pt><x>727</x><y>139</y></pt><pt><x>685</x><y>139</y></pt></polygon></object></annotation>