<annotation><filename>442.jpg</filename><folder>users/77880077//merge_new</folder><source><submittedBy>tianchengguo</submittedBy></source><imagesize><nrows>720</nrows><ncols>1280</ncols></imagesize><object><name>1</name><deleted>0</deleted><verified>0</verified><occluded>no</occluded><attributes /><parts><hasparts /><ispartof /></parts><date>02-Apr-2017 19:31:04</date><id>0</id><type>bounding_box</type><polygon><username>anonymous</username><pt><x>780</x><y>156</y></pt><pt><x>817</x><y>156</y></pt><pt><x>817</x><y>190</y></pt><pt><x>780</x><y>190</y></pt></polygon></object><object><name>1</name><deleted>0</deleted><verified>0</verified><occluded>no</occluded><attributes /><parts><hasparts /><ispartof /></parts><date>02-Apr-2017 19:31:07</date><id>1</id><type>bounding_box</type><polygon><username>anonymous</username><pt><x>263</x><y>389</y></pt><pt><x>297</x><y>389</y></pt><pt><x>297</x><y>420</y></pt><pt><x>263</x><y>420</y></pt></polygon></object><object><name>1</name><deleted>0</deleted><verified>0</verified><occluded>no</occluded><attributes /><parts><hasparts /><ispartof /></parts><date>08-Apr-2017 05:03:07</date><id>2</id><type>bounding_box</type><polygon><username>gtc</username><pt><x>29</x><y>287</y></pt><pt><x>117</x><y>287</y></pt><pt><x>117</x><y>317</y></pt><pt><x>29</x><y>317</y></pt></polygon></object></annotation>