<annotation><filename>379.jpg</filename><folder>users/77880077//merge_new</folder><source><submittedBy>tianchengguo</submittedBy></source><imagesize><nrows>720</nrows><ncols>1280</ncols></imagesize><object><name>1</name><deleted>0</deleted><verified>0</verified><occluded>no</occluded><attributes /><parts><hasparts /><ispartof /></parts><date>02-Apr-2017 19:23:03</date><id>0</id><type>bounding_box</type><polygon><username>anonymous</username><pt><x>114</x><y>302</y></pt><pt><x>137</x><y>302</y></pt><pt><x>137</x><y>318</y></pt><pt><x>114</x><y>318</y></pt></polygon></object><object><name>1</name><deleted>0</deleted><verified>0</verified><occluded>no</occluded><attributes /><parts><hasparts /><ispartof /></parts><date>02-Apr-2017 19:23:05</date><id>1</id><type>bounding_box</type><polygon><username>anonymous</username><pt><x>275</x><y>311</y></pt><pt><x>297</x><y>311</y></pt><pt><x>297</x><y>333</y></pt><pt><x>275</x><y>333</y></pt></polygon></object></annotation>