<annotation><filename>2.jpg</filename><folder>users/77880077//merge_new</folder><source><submittedBy>tianchengguo</submittedBy></source><imagesize><nrows>720</nrows><ncols>1280</ncols></imagesize><object><name>1</name><deleted>0</deleted><verified>0</verified><occluded>no</occluded><attributes /><parts><hasparts /><ispartof /></parts><date>02-Apr-2017 18:18:26</date><id>0</id><type>bounding_box</type><polygon><username>anonymous</username><pt><x>649</x><y>211</y></pt><pt><x>680</x><y>211</y></pt><pt><x>680</x><y>252</y></pt><pt><x>649</x><y>252</y></pt></polygon></object><object><name>1</name><deleted>0</deleted><verified>0</verified><occluded>no</occluded><attributes /><parts><hasparts /><ispartof /></parts><date>02-Apr-2017 18:18:30</date><id>1</id><type>bounding_box</type><polygon><username>anonymous</username><pt><x>767</x><y>303</y></pt><pt><x>801</x><y>303</y></pt><pt><x>801</x><y>335</y></pt><pt><x>767</x><y>335</y></pt></polygon></object><object><name>1</name><deleted>0</deleted><verified>0</verified><occluded>no</occluded><attributes /><parts><hasparts /><ispartof /></parts><date>08-Apr-2017 03:50:02</date><id>2</id><type>bounding_box</type><polygon><username>gtc</username><pt><x>883</x><y>335</y></pt><pt><x>914</x><y>335</y></pt><pt><x>914</x><y>367</y></pt><pt><x>883</x><y>367</y></pt></polygon></object><object><name>1</name><deleted>0</deleted><verified>0</verified><occluded>no</occluded><attributes /><parts><hasparts /><ispartof /></parts><date>08-Apr-2017 03:50:10</date><id>3</id><type>bounding_box</type><polygon><username>gtc</username><pt><x>958</x><y>330</y></pt><pt><x>994</x><y>330</y></pt><pt><x>994</x><y>367</y></pt><pt><x>958</x><y>367</y></pt></polygon></object></annotation>