<annotation><filename>24.jpg</filename><folder>users/77880077//merge_new</folder><source><submittedBy>tianchengguo</submittedBy></source><imagesize><nrows>720</nrows><ncols>1280</ncols></imagesize><object><name>1</name><deleted>0</deleted><verified>0</verified><occluded>no</occluded><attributes /><parts><hasparts /><ispartof /></parts><date>02-Apr-2017 18:26:42</date><id>0</id><type>bounding_box</type><polygon><username>anonymous</username><pt><x>158</x><y>113</y></pt><pt><x>195</x><y>113</y></pt><pt><x>195</x><y>154</y></pt><pt><x>158</x><y>154</y></pt></polygon></object><object><name>1</name><deleted>0</deleted><verified>0</verified><occluded>no</occluded><attributes /><parts><hasparts /><ispartof /></parts><date>02-Apr-2017 18:26:46</date><id>1</id><type>bounding_box</type><polygon><username>anonymous</username><pt><x>533</x><y>265</y></pt><pt><x>571</x><y>265</y></pt><pt><x>571</x><y>297</y></pt><pt><x>533</x><y>297</y></pt></polygon></object></annotation>