<annotation><filename>375.jpg</filename><folder>users/77880077//merge_new</folder><source><submittedBy>tianchengguo</submittedBy></source><imagesize><nrows>720</nrows><ncols>1280</ncols></imagesize><object><name>1</name><deleted>0</deleted><verified>0</verified><occluded>no</occluded><attributes /><parts><hasparts /><ispartof /></parts><date>02-Apr-2017 19:22:35</date><id>0</id><type>bounding_box</type><polygon><username>anonymous</username><pt><x>736</x><y>216</y></pt><pt><x>766</x><y>216</y></pt><pt><x>766</x><y>243</y></pt><pt><x>736</x><y>243</y></pt></polygon></object><object><name>1</name><deleted>0</deleted><verified>0</verified><occluded>no</occluded><attributes /><parts><hasparts /><ispartof /></parts><date>02-Apr-2017 19:22:37</date><id>1</id><type>bounding_box</type><polygon><username>anonymous</username><pt><x>614</x><y>326</y></pt><pt><x>640</x><y>326</y></pt><pt><x>640</x><y>350</y></pt><pt><x>614</x><y>350</y></pt></polygon></object></annotation>