<annotation><filename>467.jpg</filename><folder>users/77880077//merge_new</folder><source><submittedBy>tianchengguo</submittedBy></source><imagesize><nrows>720</nrows><ncols>1280</ncols></imagesize><object><name>1</name><deleted>0</deleted><verified>0</verified><occluded>no</occluded><attributes /><parts><hasparts /><ispartof /></parts><date>02-Apr-2017 19:34:22</date><id>0</id><type>bounding_box</type><polygon><username>anonymous</username><pt><x>443</x><y>118</y></pt><pt><x>474</x><y>118</y></pt><pt><x>474</x><y>148</y></pt><pt><x>443</x><y>148</y></pt></polygon></object><object><name>1</name><deleted>0</deleted><verified>0</verified><occluded>no</occluded><attributes /><parts><hasparts /><ispartof /></parts><date>08-Apr-2017 05:07:01</date><id>1</id><type>bounding_box</type><polygon><username>gtc</username><pt><x>324</x><y>71</y></pt><pt><x>364</x><y>71</y></pt><pt><x>364</x><y>97</y></pt><pt><x>324</x><y>97</y></pt></polygon></object></annotation>