<annotation><filename>436.jpg</filename><folder>users/77880077//merge_new</folder><source><submittedBy>tianchengguo</submittedBy></source><imagesize><nrows>720</nrows><ncols>1280</ncols></imagesize><object><name>1</name><deleted>0</deleted><verified>0</verified><occluded>no</occluded><attributes /><parts><hasparts /><ispartof /></parts><date>02-Apr-2017 19:30:21</date><id>0</id><type>bounding_box</type><polygon><username>anonymous</username><pt><x>84</x><y>103</y></pt><pt><x>123</x><y>103</y></pt><pt><x>123</x><y>139</y></pt><pt><x>84</x><y>139</y></pt></polygon></object><object><name>1</name><deleted>0</deleted><verified>0</verified><occluded>no</occluded><attributes /><parts><hasparts /><ispartof /></parts><date>02-Apr-2017 19:30:24</date><id>1</id><type>bounding_box</type><polygon><username>anonymous</username><pt><x>868</x><y>240</y></pt><pt><x>903</x><y>240</y></pt><pt><x>903</x><y>272</y></pt><pt><x>868</x><y>272</y></pt></polygon></object><object><name>1</name><deleted>0</deleted><verified>0</verified><occluded>no</occluded><attributes /><parts><hasparts /><ispartof /></parts><date>08-Apr-2017 05:02:05</date><id>2</id><type>bounding_box</type><polygon><username>gtc</username><pt><x>872</x><y>91</y></pt><pt><x>908</x><y>91</y></pt><pt><x>908</x><y>130</y></pt><pt><x>872</x><y>130</y></pt></polygon></object><object><name>1</name><deleted>0</deleted><verified>0</verified><occluded>no</occluded><attributes /><parts><hasparts /><ispartof /></parts><date>08-Apr-2017 05:02:12</date><id>3</id><type>bounding_box</type><polygon><username>gtc</username><pt><x>201</x><y>205</y></pt><pt><x>247</x><y>205</y></pt><pt><x>247</x><y>257</y></pt><pt><x>201</x><y>257</y></pt></polygon></object></annotation>