<annotation><filename>366.jpg</filename><folder>users/77880077//merge_new</folder><source><submittedBy>tianchengguo</submittedBy></source><imagesize><nrows>720</nrows><ncols>1280</ncols></imagesize><object><name>1</name><deleted>0</deleted><verified>0</verified><occluded>no</occluded><attributes /><parts><hasparts /><ispartof /></parts><date>02-Apr-2017 19:21:36</date><id>0</id><type>bounding_box</type><polygon><username>anonymous</username><pt><x>1002</x><y>371</y></pt><pt><x>1034</x><y>371</y></pt><pt><x>1034</x><y>400</y></pt><pt><x>1002</x><y>400</y></pt></polygon></object></annotation>