<annotation><filename>429.jpg</filename><folder>users/77880077//merge_new</folder><source><submittedBy>tianchengguo</submittedBy></source><imagesize><nrows>720</nrows><ncols>1280</ncols></imagesize><object><name>1</name><deleted>0</deleted><verified>0</verified><occluded>no</occluded><attributes /><parts><hasparts /><ispartof /></parts><date>02-Apr-2017 19:29:29</date><id>0</id><type>bounding_box</type><polygon><username>anonymous</username><pt><x>137</x><y>61</y></pt><pt><x>164</x><y>61</y></pt><pt><x>164</x><y>99</y></pt><pt><x>137</x><y>99</y></pt></polygon></object><object><name>1</name><deleted>0</deleted><verified>0</verified><occluded>no</occluded><attributes /><parts><hasparts /><ispartof /></parts><date>02-Apr-2017 19:29:31</date><id>1</id><type>bounding_box</type><polygon><username>anonymous</username><pt><x>270</x><y>140</y></pt><pt><x>302</x><y>140</y></pt><pt><x>302</x><y>174</y></pt><pt><x>270</x><y>174</y></pt></polygon></object><object><name>1</name><deleted>0</deleted><verified>0</verified><occluded>no</occluded><attributes /><parts><hasparts /><ispartof /></parts><date>02-Apr-2017 19:29:33</date><id>2</id><type>bounding_box</type><polygon><username>anonymous</username><pt><x>1097</x><y>168</y></pt><pt><x>1127</x><y>168</y></pt><pt><x>1127</x><y>198</y></pt><pt><x>1097</x><y>198</y></pt></polygon></object><object><name>1</name><deleted>0</deleted><verified>0</verified><occluded>no</occluded><attributes /><parts><hasparts /><ispartof /></parts><date>02-Apr-2017 19:29:35</date><id>3</id><type>bounding_box</type><polygon><username>anonymous</username><pt><x>871</x><y>336</y></pt><pt><x>897</x><y>336</y></pt><pt><x>897</x><y>365</y></pt><pt><x>871</x><y>365</y></pt></polygon></object></annotation>