<annotation><filename>28.jpg</filename><folder>users/77880077//merge_new</folder><source><submittedBy>tianchengguo</submittedBy></source><imagesize><nrows>720</nrows><ncols>1280</ncols></imagesize><object><name>1</name><deleted>0</deleted><verified>0</verified><occluded>no</occluded><attributes /><parts><hasparts /><ispartof /></parts><date>02-Apr-2017 18:27:40</date><id>0</id><type>bounding_box</type><polygon><username>anonymous</username><pt><x>607</x><y>156</y></pt><pt><x>646</x><y>156</y></pt><pt><x>646</x><y>202</y></pt><pt><x>607</x><y>202</y></pt></polygon></object><object><name>1</name><deleted>0</deleted><verified>0</verified><occluded>no</occluded><attributes /><parts><hasparts /><ispartof /></parts><date>02-Apr-2017 18:27:43</date><id>1</id><type>bounding_box</type><polygon><username>anonymous</username><pt><x>1100</x><y>131</y></pt><pt><x>1135</x><y>131</y></pt><pt><x>1135</x><y>178</y></pt><pt><x>1100</x><y>178</y></pt></polygon></object><object><name>1</name><deleted>0</deleted><verified>0</verified><occluded>no</occluded><attributes /><parts><hasparts /><ispartof /></parts><date>08-Apr-2017 03:56:57</date><id>2</id><type>bounding_box</type><polygon><username>gtc</username><pt><x>310</x><y>159</y></pt><pt><x>345</x><y>159</y></pt><pt><x>345</x><y>202</y></pt><pt><x>310</x><y>202</y></pt></polygon></object><object><name>1</name><deleted>0</deleted><verified>0</verified><occluded>no</occluded><attributes /><parts><hasparts /><ispartof /></parts><date>08-Apr-2017 03:57:08</date><id>3</id><type>bounding_box</type><polygon><username>gtc</username><pt><x>68</x><y>76</y></pt><pt><x>100</x><y>76</y></pt><pt><x>100</x><y>111</y></pt><pt><x>68</x><y>111</y></pt></polygon></object><object><name>1</name><deleted>0</deleted><verified>0</verified><occluded>no</occluded><attributes /><parts><hasparts /><ispartof /></parts><date>08-Apr-2017 03:57:17</date><id>4</id><type>bounding_box</type><polygon><username>gtc</username><pt><x>957</x><y>325</y></pt><pt><x>995</x><y>325</y></pt><pt><x>995</x><y>365</y></pt><pt><x>957</x><y>365</y></pt></polygon></object><object><name>1</name><deleted>0</deleted><verified>0</verified><occluded>no</occluded><attributes /><parts><hasparts /><ispartof /></parts><date>08-Apr-2017 03:57:31</date><id>5</id><type>bounding_box</type><polygon><username>gtc</username><pt><x>1242</x><y>178</y></pt><pt><x>1271</x><y>178</y></pt><pt><x>1271</x><y>214</y></pt><pt><x>1242</x><y>214</y></pt></polygon></object></annotation>