<annotation><filename>400.jpg</filename><folder>users/77880077//merge_new</folder><source><submittedBy>tianchengguo</submittedBy></source><imagesize><nrows>720</nrows><ncols>1280</ncols></imagesize><object><name>1</name><deleted>0</deleted><verified>0</verified><occluded>no</occluded><attributes /><parts><hasparts /><ispartof /></parts><date>02-Apr-2017 19:25:47</date><id>0</id><type>bounding_box</type><polygon><username>anonymous</username><pt><x>495</x><y>64</y></pt><pt><x>523</x><y>64</y></pt><pt><x>523</x><y>101</y></pt><pt><x>495</x><y>101</y></pt></polygon></object><object><name>1</name><deleted>0</deleted><verified>0</verified><occluded>no</occluded><attributes /><parts><hasparts /><ispartof /></parts><date>02-Apr-2017 19:25:50</date><id>1</id><type>bounding_box</type><polygon><username>anonymous</username><pt><x>792</x><y>161</y></pt><pt><x>823</x><y>161</y></pt><pt><x>823</x><y>197</y></pt><pt><x>792</x><y>197</y></pt></polygon></object></annotation>