<annotation><filename>355.jpg</filename><folder>users/77880077//merge_new</folder><source><submittedBy>tianchengguo</submittedBy></source><imagesize><nrows>720</nrows><ncols>1280</ncols></imagesize><object><name>1</name><deleted>0</deleted><verified>0</verified><occluded>no</occluded><attributes /><parts><hasparts /><ispartof /></parts><date>02-Apr-2017 19:20:13</date><id>0</id><type>bounding_box</type><polygon><username>anonymous</username><pt><x>510</x><y>172</y></pt><pt><x>541</x><y>172</y></pt><pt><x>541</x><y>198</y></pt><pt><x>510</x><y>198</y></pt></polygon></object><object><name>1</name><deleted>0</deleted><verified>0</verified><occluded>no</occluded><attributes /><parts><hasparts /><ispartof /></parts><date>02-Apr-2017 19:20:15</date><id>1</id><type>bounding_box</type><polygon><username>anonymous</username><pt><x>107</x><y>240</y></pt><pt><x>133</x><y>240</y></pt><pt><x>133</x><y>272</y></pt><pt><x>107</x><y>272</y></pt></polygon></object><object><name>1</name><deleted>0</deleted><verified>0</verified><occluded>no</occluded><attributes /><parts><hasparts /><ispartof /></parts><date>02-Apr-2017 19:20:16</date><id>2</id><type>bounding_box</type><polygon><username>anonymous</username><pt><x>162</x><y>359</y></pt><pt><x>191</x><y>359</y></pt><pt><x>191</x><y>387</y></pt><pt><x>162</x><y>387</y></pt></polygon></object><object><name>1</name><deleted>0</deleted><verified>0</verified><occluded>no</occluded><attributes /><parts><hasparts /><ispartof /></parts><date>08-Apr-2017 04:50:38</date><id>3</id><type>bounding_box</type><polygon><username>gtc</username><pt><x>513</x><y>376</y></pt><pt><x>545</x><y>376</y></pt><pt><x>545</x><y>406</y></pt><pt><x>513</x><y>406</y></pt></polygon></object></annotation>