<annotation><filename>362.jpg</filename><folder>users/77880077//merge_new</folder><source><submittedBy>tianchengguo</submittedBy></source><imagesize><nrows>720</nrows><ncols>1280</ncols></imagesize><object><name>1</name><deleted>0</deleted><verified>0</verified><occluded>no</occluded><attributes /><parts><hasparts /><ispartof /></parts><date>02-Apr-2017 19:21:01</date><id>0</id><type>bounding_box</type><polygon><username>anonymous</username><pt><x>279</x><y>26</y></pt><pt><x>309</x><y>26</y></pt><pt><x>309</x><y>63</y></pt><pt><x>279</x><y>63</y></pt></polygon></object><object><name>1</name><deleted>0</deleted><verified>0</verified><occluded>no</occluded><attributes /><parts><hasparts /><ispartof /></parts><date>02-Apr-2017 19:21:03</date><id>1</id><type>bounding_box</type><polygon><username>anonymous</username><pt><x>544</x><y>111</y></pt><pt><x>572</x><y>111</y></pt><pt><x>572</x><y>139</y></pt><pt><x>544</x><y>139</y></pt></polygon></object><object><name>1</name><deleted>0</deleted><verified>0</verified><occluded>no</occluded><attributes /><parts><hasparts /><ispartof /></parts><date>02-Apr-2017 19:21:05</date><id>2</id><type>bounding_box</type><polygon><username>anonymous</username><pt><x>844</x><y>444</y></pt><pt><x>874</x><y>444</y></pt><pt><x>874</x><y>470</y></pt><pt><x>844</x><y>470</y></pt></polygon></object><object><name>1</name><deleted>0</deleted><verified>0</verified><occluded>no</occluded><attributes /><parts><hasparts /><ispartof /></parts><date>08-Apr-2017 04:51:39</date><id>3</id><type>bounding_box</type><polygon><username>gtc</username><pt><x>860</x><y>160</y></pt><pt><x>903</x><y>160</y></pt><pt><x>903</x><y>198</y></pt><pt><x>860</x><y>198</y></pt></polygon></object></annotation>