<annotation><filename>18.jpg</filename><folder>users/77880077//merge_new</folder><source><submittedBy>tianchengguo</submittedBy></source><imagesize><nrows>720</nrows><ncols>1280</ncols></imagesize><object><name>1</name><deleted>0</deleted><verified>0</verified><occluded>no</occluded><attributes /><parts><hasparts /><ispartof /></parts><date>02-Apr-2017 18:22:46</date><id>0</id><type>bounding_box</type><polygon><username>anonymous</username><pt><x>185</x><y>117</y></pt><pt><x>220</x><y>117</y></pt><pt><x>220</x><y>157</y></pt><pt><x>185</x><y>157</y></pt></polygon></object><object><name>1</name><deleted>0</deleted><verified>0</verified><occluded>no</occluded><attributes /><parts><hasparts /><ispartof /></parts><date>02-Apr-2017 18:22:49</date><id>1</id><type>bounding_box</type><polygon><username>anonymous</username><pt><x>220</x><y>226</y></pt><pt><x>261</x><y>226</y></pt><pt><x>261</x><y>267</y></pt><pt><x>220</x><y>267</y></pt></polygon></object><object><name>1</name><deleted>0</deleted><verified>0</verified><occluded>no</occluded><attributes /><parts><hasparts /><ispartof /></parts><date>02-Apr-2017 18:22:52</date><id>2</id><type>bounding_box</type><polygon><username>anonymous</username><pt><x>1092</x><y>236</y></pt><pt><x>1127</x><y>236</y></pt><pt><x>1127</x><y>279</y></pt><pt><x>1092</x><y>279</y></pt></polygon></object><object><name>1</name><deleted>0</deleted><verified>0</verified><occluded>no</occluded><attributes /><parts><hasparts /><ispartof /></parts><date>02-Apr-2017 18:22:55</date><id>3</id><type>bounding_box</type><polygon><username>anonymous</username><pt><x>1193</x><y>137</y></pt><pt><x>1235</x><y>137</y></pt><pt><x>1235</x><y>176</y></pt><pt><x>1193</x><y>176</y></pt></polygon></object><object><name>1</name><deleted>0</deleted><verified>0</verified><occluded>no</occluded><attributes /><parts><hasparts /><ispartof /></parts><date>02-Apr-2017 18:22:58</date><id>4</id><type>bounding_box</type><polygon><username>anonymous</username><pt><x>13</x><y>233</y></pt><pt><x>33</x><y>233</y></pt><pt><x>33</x><y>264</y></pt><pt><x>13</x><y>264</y></pt></polygon></object></annotation>