<annotation><filename>45.jpg</filename><folder>users/77880077//merge_new</folder><source><submittedBy>tianchengguo</submittedBy></source><imagesize><nrows>720</nrows><ncols>1280</ncols></imagesize><object><name>1</name><deleted>0</deleted><verified>0</verified><occluded>no</occluded><attributes /><parts><hasparts /><ispartof /></parts><date>02-Apr-2017 18:30:54</date><id>0</id><type>bounding_box</type><polygon><username>anonymous</username><pt><x>342</x><y>76</y></pt><pt><x>384</x><y>76</y></pt><pt><x>384</x><y>119</y></pt><pt><x>342</x><y>119</y></pt></polygon></object><object><name>1</name><deleted>0</deleted><verified>0</verified><occluded>no</occluded><attributes /><parts><hasparts /><ispartof /></parts><date>02-Apr-2017 18:30:57</date><id>1</id><type>bounding_box</type><polygon><username>anonymous</username><pt><x>477</x><y>193</y></pt><pt><x>508</x><y>193</y></pt><pt><x>508</x><y>233</y></pt><pt><x>477</x><y>233</y></pt></polygon></object><object><name>1</name><deleted>0</deleted><verified>0</verified><occluded>no</occluded><attributes /><parts><hasparts /><ispartof /></parts><date>02-Apr-2017 18:30:59</date><id>2</id><type>bounding_box</type><polygon><username>anonymous</username><pt><x>779</x><y>285</y></pt><pt><x>814</x><y>285</y></pt><pt><x>814</x><y>328</y></pt><pt><x>779</x><y>328</y></pt></polygon></object><object><name>1</name><deleted>0</deleted><verified>0</verified><occluded>no</occluded><attributes /><parts><hasparts /><ispartof /></parts><date>02-Apr-2017 18:31:02</date><id>3</id><type>bounding_box</type><polygon><username>anonymous</username><pt><x>986</x><y>92</y></pt><pt><x>1022</x><y>92</y></pt><pt><x>1022</x><y>131</y></pt><pt><x>986</x><y>131</y></pt></polygon></object></annotation>