<annotation><filename>7.jpg</filename><folder>users/77880077//merge_new</folder><source><submittedBy>tianchengguo</submittedBy></source><imagesize><nrows>720</nrows><ncols>1280</ncols></imagesize><object><name>1</name><deleted>0</deleted><verified>0</verified><occluded>no</occluded><attributes /><parts><hasparts /><ispartof /></parts><date>02-Apr-2017 18:19:46</date><id>0</id><type>bounding_box</type><polygon><username>anonymous</username><pt><x>504</x><y>280</y></pt><pt><x>549</x><y>280</y></pt><pt><x>549</x><y>318</y></pt><pt><x>504</x><y>318</y></pt></polygon></object><object><name>1</name><deleted>0</deleted><verified>0</verified><occluded>no</occluded><attributes /><parts><hasparts /><ispartof /></parts><date>02-Apr-2017 18:19:49</date><id>1</id><type>bounding_box</type><polygon><username>anonymous</username><pt><x>663</x><y>261</y></pt><pt><x>703</x><y>261</y></pt><pt><x>703</x><y>301</y></pt><pt><x>663</x><y>301</y></pt></polygon></object></annotation>