<annotation><filename>42.jpg</filename><folder>users/77880077//merge_new</folder><source><submittedBy>tianchengguo</submittedBy></source><imagesize><nrows>720</nrows><ncols>1280</ncols></imagesize><object><name>1</name><deleted>0</deleted><verified>0</verified><occluded>no</occluded><attributes /><parts><hasparts /><ispartof /></parts><date>02-Apr-2017 18:30:21</date><id>0</id><type>bounding_box</type><polygon><username>anonymous</username><pt><x>233</x><y>271</y></pt><pt><x>263</x><y>271</y></pt><pt><x>263</x><y>306</y></pt><pt><x>233</x><y>306</y></pt></polygon></object><object><name>1</name><deleted>0</deleted><verified>0</verified><occluded>no</occluded><attributes /><parts><hasparts /><ispartof /></parts><date>02-Apr-2017 18:30:23</date><id>1</id><type>bounding_box</type><polygon><username>anonymous</username><pt><x>405</x><y>237</y></pt><pt><x>441</x><y>237</y></pt><pt><x>441</x><y>283</y></pt><pt><x>405</x><y>283</y></pt></polygon></object><object><name>1</name><deleted>0</deleted><verified>0</verified><occluded>no</occluded><attributes /><parts><hasparts /><ispartof /></parts><date>02-Apr-2017 18:30:27</date><id>2</id><type>bounding_box</type><polygon><username>anonymous</username><pt><x>1241</x><y>285</y></pt><pt><x>1270</x><y>285</y></pt><pt><x>1270</x><y>326</y></pt><pt><x>1241</x><y>326</y></pt></polygon></object><object><name>1</name><deleted>0</deleted><verified>0</verified><occluded>no</occluded><attributes /><parts><hasparts /><ispartof /></parts><date>08-Apr-2017 03:59:55</date><id>3</id><type>bounding_box</type><polygon><username>gtc</username><pt><x>1112</x><y>221</y></pt><pt><x>1140</x><y>221</y></pt><pt><x>1140</x><y>258</y></pt><pt><x>1112</x><y>258</y></pt></polygon></object></annotation>