<annotation><filename>388.jpg</filename><folder>users/77880077//merge_new</folder><source><submittedBy>tianchengguo</submittedBy></source><imagesize><nrows>720</nrows><ncols>1280</ncols></imagesize><object><name>1</name><deleted>0</deleted><verified>0</verified><occluded>no</occluded><attributes /><parts><hasparts /><ispartof /></parts><date>02-Apr-2017 19:24:04</date><id>0</id><type>bounding_box</type><polygon><username>anonymous</username><pt><x>414</x><y>100</y></pt><pt><x>445</x><y>100</y></pt><pt><x>445</x><y>133</y></pt><pt><x>414</x><y>133</y></pt></polygon></object><object><name>1</name><deleted>0</deleted><verified>0</verified><occluded>no</occluded><attributes /><parts><hasparts /><ispartof /></parts><date>02-Apr-2017 19:24:06</date><id>1</id><type>bounding_box</type><polygon><username>anonymous</username><pt><x>901</x><y>220</y></pt><pt><x>941</x><y>220</y></pt><pt><x>941</x><y>250</y></pt><pt><x>901</x><y>250</y></pt></polygon></object><object><name>1</name><deleted>0</deleted><verified>0</verified><occluded>no</occluded><attributes /><parts><hasparts /><ispartof /></parts><date>02-Apr-2017 19:24:08</date><id>2</id><type>bounding_box</type><polygon><username>anonymous</username><pt><x>766</x><y>428</y></pt><pt><x>790</x><y>428</y></pt><pt><x>790</x><y>458</y></pt><pt><x>766</x><y>458</y></pt></polygon></object></annotation>