<annotation><filename>485.jpg</filename><folder>users/77880077//merge_new</folder><source><submittedBy>tianchengguo</submittedBy></source><imagesize><nrows>720</nrows><ncols>1280</ncols></imagesize><object><name>1</name><deleted>0</deleted><verified>0</verified><occluded>no</occluded><attributes /><parts><hasparts /><ispartof /></parts><date>02-Apr-2017 19:36:27</date><id>0</id><type>bounding_box</type><polygon><username>anonymous</username><pt><x>194</x><y>120</y></pt><pt><x>231</x><y>120</y></pt><pt><x>231</x><y>156</y></pt><pt><x>194</x><y>156</y></pt></polygon></object><object><name>1</name><deleted>0</deleted><verified>0</verified><occluded>no</occluded><attributes /><parts><hasparts /><ispartof /></parts><date>02-Apr-2017 19:36:29</date><id>1</id><type>bounding_box</type><polygon><username>anonymous</username><pt><x>769</x><y>245</y></pt><pt><x>802</x><y>245</y></pt><pt><x>802</x><y>283</y></pt><pt><x>769</x><y>283</y></pt></polygon></object><object><name>1</name><deleted>0</deleted><verified>0</verified><occluded>no</occluded><attributes /><parts><hasparts /><ispartof /></parts><date>08-Apr-2017 05:09:12</date><id>2</id><type>bounding_box</type><polygon><username>gtc</username><pt><x>881</x><y>144</y></pt><pt><x>915</x><y>144</y></pt><pt><x>915</x><y>182</y></pt><pt><x>881</x><y>182</y></pt></polygon></object></annotation>