<annotation><filename>474.jpg</filename><folder>users/77880077//merge_new</folder><source><submittedBy>tianchengguo</submittedBy></source><imagesize><nrows>720</nrows><ncols>1280</ncols></imagesize><object><name>1</name><deleted>0</deleted><verified>0</verified><occluded>no</occluded><attributes /><parts><hasparts /><ispartof /></parts><date>02-Apr-2017 19:35:05</date><id>0</id><type>bounding_box</type><polygon><username>anonymous</username><pt><x>511</x><y>255</y></pt><pt><x>546</x><y>255</y></pt><pt><x>546</x><y>303</y></pt><pt><x>511</x><y>303</y></pt></polygon></object><object><name>1</name><deleted>0</deleted><verified>0</verified><occluded>no</occluded><attributes /><parts><hasparts /><ispartof /></parts><date>02-Apr-2017 19:35:07</date><id>1</id><type>bounding_box</type><polygon><username>anonymous</username><pt><x>981</x><y>369</y></pt><pt><x>1024</x><y>369</y></pt><pt><x>1024</x><y>402</y></pt><pt><x>981</x><y>402</y></pt></polygon></object></annotation>