<annotation><filename>418.jpg</filename><folder>users/77880077//merge_new</folder><source><submittedBy>tianchengguo</submittedBy></source><imagesize><nrows>720</nrows><ncols>1280</ncols></imagesize><object><name>1</name><deleted>0</deleted><verified>0</verified><occluded>no</occluded><attributes /><parts><hasparts /><ispartof /></parts><date>02-Apr-2017 19:28:02</date><id>0</id><type>bounding_box</type><polygon><username>anonymous</username><pt><x>222</x><y>241</y></pt><pt><x>255</x><y>241</y></pt><pt><x>255</x><y>279</y></pt><pt><x>222</x><y>279</y></pt></polygon></object><object><name>1</name><deleted>0</deleted><verified>0</verified><occluded>no</occluded><attributes /><parts><hasparts /><ispartof /></parts><date>02-Apr-2017 19:28:04</date><id>1</id><type>bounding_box</type><polygon><username>anonymous</username><pt><x>1044</x><y>71</y></pt><pt><x>1080</x><y>71</y></pt><pt><x>1080</x><y>114</y></pt><pt><x>1044</x><y>114</y></pt></polygon></object><object><name>1</name><deleted>0</deleted><verified>0</verified><occluded>no</occluded><attributes /><parts><hasparts /><ispartof /></parts><date>02-Apr-2017 19:28:06</date><id>2</id><type>bounding_box</type><polygon><username>anonymous</username><pt><x>966</x><y>524</y></pt><pt><x>1005</x><y>524</y></pt><pt><x>1005</x><y>553</y></pt><pt><x>966</x><y>553</y></pt></polygon></object><object><name>1</name><deleted>0</deleted><verified>0</verified><occluded>no</occluded><attributes /><parts><hasparts /><ispartof /></parts><date>08-Apr-2017 04:59:50</date><id>3</id><type>bounding_box</type><polygon><username>gtc</username><pt><x>511</x><y>381</y></pt><pt><x>555</x><y>381</y></pt><pt><x>555</x><y>423</y></pt><pt><x>511</x><y>423</y></pt></polygon></object><object><name>1</name><deleted>0</deleted><verified>0</verified><occluded>no</occluded><attributes /><parts><hasparts /><ispartof /></parts><date>08-Apr-2017 04:59:53</date><id>4</id><type>bounding_box</type><polygon><username>gtc</username><pt><x>1101</x><y>268</y></pt><pt><x>1135</x><y>268</y></pt><pt><x>1135</x><y>295</y></pt><pt><x>1101</x><y>295</y></pt></polygon></object><object><name>1</name><deleted>0</deleted><verified>0</verified><occluded>no</occluded><attributes /><parts><hasparts /><ispartof /></parts><date>08-Apr-2017 04:59:56</date><id>5</id><type>bounding_box</type><polygon><username>gtc</username><pt><x>1027</x><y>342</y></pt><pt><x>1064</x><y>342</y></pt><pt><x>1064</x><y>375</y></pt><pt><x>1027</x><y>375</y></pt></polygon></object></annotation>