<annotation><filename>443.jpg</filename><folder>users/77880077//merge_new</folder><source><submittedBy>tianchengguo</submittedBy></source><imagesize><nrows>720</nrows><ncols>1280</ncols></imagesize><object><name>1</name><deleted>0</deleted><verified>0</verified><occluded>no</occluded><attributes /><parts><hasparts /><ispartof /></parts><date>02-Apr-2017 19:31:10</date><id>0</id><type>bounding_box</type><polygon><username>anonymous</username><pt><x>89</x><y>49</y></pt><pt><x>121</x><y>49</y></pt><pt><x>121</x><y>88</y></pt><pt><x>89</x><y>88</y></pt></polygon></object><object><name>1</name><deleted>0</deleted><verified>0</verified><occluded>no</occluded><attributes /><parts><hasparts /><ispartof /></parts><date>02-Apr-2017 19:31:12</date><id>1</id><type>bounding_box</type><polygon><username>anonymous</username><pt><x>123</x><y>241</y></pt><pt><x>154</x><y>241</y></pt><pt><x>154</x><y>276</y></pt><pt><x>123</x><y>276</y></pt></polygon></object><object><name>1</name><deleted>0</deleted><verified>0</verified><occluded>no</occluded><attributes /><parts><hasparts /><ispartof /></parts><date>02-Apr-2017 19:31:13</date><id>2</id><type>bounding_box</type><polygon><username>anonymous</username><pt><x>238</x><y>348</y></pt><pt><x>273</x><y>348</y></pt><pt><x>273</x><y>374</y></pt><pt><x>238</x><y>374</y></pt></polygon></object><object><name>1</name><deleted>0</deleted><verified>0</verified><occluded>no</occluded><attributes /><parts><hasparts /><ispartof /></parts><date>08-Apr-2017 05:03:16</date><id>3</id><type>bounding_box</type><polygon><username>gtc</username><pt><x>502</x><y>494</y></pt><pt><x>533</x><y>494</y></pt><pt><x>533</x><y>523</y></pt><pt><x>502</x><y>523</y></pt></polygon></object></annotation>