<annotation><filename>20.jpg</filename><folder>users/77880077//merge_new</folder><source><submittedBy>tianchengguo</submittedBy></source><imagesize><nrows>720</nrows><ncols>1280</ncols></imagesize><object><name>1</name><deleted>0</deleted><verified>0</verified><occluded>no</occluded><attributes /><parts><hasparts /><ispartof /></parts><date>02-Apr-2017 18:23:21</date><id>0</id><type>bounding_box</type><polygon><username>anonymous</username><pt><x>302</x><y>93</y></pt><pt><x>334</x><y>93</y></pt><pt><x>334</x><y>132</y></pt><pt><x>302</x><y>132</y></pt></polygon></object><object><name>1</name><deleted>0</deleted><verified>0</verified><occluded>no</occluded><attributes /><parts><hasparts /><ispartof /></parts><date>02-Apr-2017 18:23:24</date><id>1</id><type>bounding_box</type><polygon><username>anonymous</username><pt><x>940</x><y>261</y></pt><pt><x>974</x><y>261</y></pt><pt><x>974</x><y>296</y></pt><pt><x>940</x><y>296</y></pt></polygon></object><object><name>1</name><deleted>0</deleted><verified>0</verified><occluded>no</occluded><attributes /><parts><hasparts /><ispartof /></parts><date>02-Apr-2017 18:23:27</date><id>2</id><type>bounding_box</type><polygon><username>anonymous</username><pt><x>1034</x><y>159</y></pt><pt><x>1073</x><y>159</y></pt><pt><x>1073</x><y>193</y></pt><pt><x>1034</x><y>193</y></pt></polygon></object><object><name>1</name><deleted>0</deleted><verified>0</verified><occluded>no</occluded><attributes /><parts><hasparts /><ispartof /></parts><date>02-Apr-2017 18:23:30</date><id>3</id><type>bounding_box</type><polygon><username>anonymous</username><pt><x>1175</x><y>64</y></pt><pt><x>1217</x><y>64</y></pt><pt><x>1217</x><y>113</y></pt><pt><x>1175</x><y>113</y></pt></polygon></object><object><name>1</name><deleted>0</deleted><verified>0</verified><occluded>no</occluded><attributes /><parts><hasparts /><ispartof /></parts><date>08-Apr-2017 03:55:26</date><id>4</id><type>bounding_box</type><polygon><username>gtc</username><pt><x>617</x><y>423</y></pt><pt><x>648</x><y>423</y></pt><pt><x>648</x><y>459</y></pt><pt><x>617</x><y>459</y></pt></polygon></object></annotation>