<annotation><filename>462.jpg</filename><folder>users/77880077//merge_new</folder><source><submittedBy>tianchengguo</submittedBy></source><imagesize><nrows>720</nrows><ncols>1280</ncols></imagesize><object><name>1</name><deleted>0</deleted><verified>0</verified><occluded>no</occluded><attributes /><parts><hasparts /><ispartof /></parts><date>02-Apr-2017 19:33:39</date><id>0</id><type>bounding_box</type><polygon><username>anonymous</username><pt><x>646</x><y>288</y></pt><pt><x>667</x><y>288</y></pt><pt><x>667</x><y>307</y></pt><pt><x>646</x><y>307</y></pt></polygon></object><object><name>1</name><deleted>0</deleted><verified>0</verified><occluded>no</occluded><attributes /><parts><hasparts /><ispartof /></parts><date>02-Apr-2017 19:33:41</date><id>1</id><type>bounding_box</type><polygon><username>anonymous</username><pt><x>1080</x><y>248</y></pt><pt><x>1106</x><y>248</y></pt><pt><x>1106</x><y>284</y></pt><pt><x>1080</x><y>284</y></pt></polygon></object></annotation>