<annotation><filename>494.jpg</filename><folder>users/77880077//merge_new</folder><source><submittedBy>tianchengguo</submittedBy></source><imagesize><nrows>720</nrows><ncols>1280</ncols></imagesize><object><name>1</name><deleted>0</deleted><verified>0</verified><occluded>no</occluded><attributes /><parts><hasparts /><ispartof /></parts><date>02-Apr-2017 19:37:28</date><id>0</id><type>bounding_box</type><polygon><username>anonymous</username><pt><x>316</x><y>124</y></pt><pt><x>352</x><y>124</y></pt><pt><x>352</x><y>163</y></pt><pt><x>316</x><y>163</y></pt></polygon></object><object><name>1</name><deleted>0</deleted><verified>0</verified><occluded>no</occluded><attributes /><parts><hasparts /><ispartof /></parts><date>02-Apr-2017 19:37:30</date><id>1</id><type>bounding_box</type><polygon><username>anonymous</username><pt><x>484</x><y>315</y></pt><pt><x>519</x><y>315</y></pt><pt><x>519</x><y>352</y></pt><pt><x>484</x><y>352</y></pt></polygon></object><object><name>1</name><deleted>0</deleted><verified>0</verified><occluded>no</occluded><attributes /><parts><hasparts /><ispartof /></parts><date>02-Apr-2017 19:37:32</date><id>2</id><type>bounding_box</type><polygon><username>anonymous</username><pt><x>781</x><y>171</y></pt><pt><x>823</x><y>171</y></pt><pt><x>823</x><y>207</y></pt><pt><x>781</x><y>207</y></pt></polygon></object><object><name>1</name><deleted>0</deleted><verified>0</verified><occluded>no</occluded><attributes /><parts><hasparts /><ispartof /></parts><date>08-Apr-2017 05:10:21</date><id>3</id><type>bounding_box</type><polygon><username>gtc</username><pt><x>576</x><y>123</y></pt><pt><x>626</x><y>123</y></pt><pt><x>626</x><y>176</y></pt><pt><x>576</x><y>176</y></pt></polygon></object><object><name>1</name><deleted>0</deleted><verified>0</verified><occluded>no</occluded><attributes /><parts><hasparts /><ispartof /></parts><date>08-Apr-2017 05:10:26</date><id>4</id><type>bounding_box</type><polygon><username>gtc</username><pt><x>288</x><y>315</y></pt><pt><x>343</x><y>315</y></pt><pt><x>343</x><y>353</y></pt><pt><x>288</x><y>353</y></pt></polygon></object><object><name>1</name><deleted>0</deleted><verified>0</verified><occluded>no</occluded><attributes /><parts><hasparts /><ispartof /></parts><date>08-Apr-2017 05:10:35</date><id>5</id><type>bounding_box</type><polygon><username>gtc</username><pt><x>1150</x><y>454</y></pt><pt><x>1197</x><y>454</y></pt><pt><x>1197</x><y>477</y></pt><pt><x>1150</x><y>477</y></pt></polygon></object></annotation>