<annotation><filename>52.jpg</filename><folder>users/77880077//merge_new</folder><source><submittedBy>tianchengguo</submittedBy></source><imagesize><nrows>720</nrows><ncols>1280</ncols></imagesize><object><name>1</name><deleted>0</deleted><verified>0</verified><occluded>no</occluded><attributes /><parts><hasparts /><ispartof /></parts><date>02-Apr-2017 18:32:11</date><id>0</id><type>bounding_box</type><polygon><username>anonymous</username><pt><x>156</x><y>85</y></pt><pt><x>197</x><y>85</y></pt><pt><x>197</x><y>122</y></pt><pt><x>156</x><y>122</y></pt></polygon></object><object><name>1</name><deleted>0</deleted><verified>0</verified><occluded>no</occluded><attributes /><parts><hasparts /><ispartof /></parts><date>02-Apr-2017 18:32:14</date><id>1</id><type>bounding_box</type><polygon><username>anonymous</username><pt><x>206</x><y>174</y></pt><pt><x>236</x><y>174</y></pt><pt><x>236</x><y>207</y></pt><pt><x>206</x><y>207</y></pt></polygon></object><object><name>1</name><deleted>0</deleted><verified>0</verified><occluded>no</occluded><attributes /><parts><hasparts /><ispartof /></parts><date>08-Apr-2017 04:01:19</date><id>2</id><type>bounding_box</type><polygon><username>gtc</username><pt><x>707</x><y>300</y></pt><pt><x>733</x><y>300</y></pt><pt><x>733</x><y>338</y></pt><pt><x>707</x><y>338</y></pt></polygon></object></annotation>