<annotation><filename>422.jpg</filename><folder>users/77880077//merge_new</folder><source><submittedBy>tianchengguo</submittedBy></source><imagesize><nrows>720</nrows><ncols>1280</ncols></imagesize><object><name>1</name><deleted>0</deleted><verified>0</verified><occluded>no</occluded><attributes /><parts><hasparts /><ispartof /></parts><date>02-Apr-2017 19:28:41</date><id>0</id><type>bounding_box</type><polygon><username>anonymous</username><pt><x>402</x><y>49</y></pt><pt><x>435</x><y>49</y></pt><pt><x>435</x><y>85</y></pt><pt><x>402</x><y>85</y></pt></polygon></object><object><name>1</name><deleted>0</deleted><verified>0</verified><occluded>no</occluded><attributes /><parts><hasparts /><ispartof /></parts><date>02-Apr-2017 19:28:43</date><id>1</id><type>bounding_box</type><polygon><username>anonymous</username><pt><x>808</x><y>83</y></pt><pt><x>849</x><y>83</y></pt><pt><x>849</x><y>124</y></pt><pt><x>808</x><y>124</y></pt></polygon></object><object><name>1</name><deleted>0</deleted><verified>0</verified><occluded>no</occluded><attributes /><parts><hasparts /><ispartof /></parts><date>08-Apr-2017 05:00:19</date><id>2</id><type>bounding_box</type><polygon><username>gtc</username><pt><x>1066</x><y>187</y></pt><pt><x>1101</x><y>187</y></pt><pt><x>1101</x><y>216</y></pt><pt><x>1066</x><y>216</y></pt></polygon></object></annotation>