<annotation><filename>341.jpg</filename><folder>users/77880077//merge_new</folder><source><submittedBy>tianchengguo</submittedBy></source><imagesize><nrows>720</nrows><ncols>1280</ncols></imagesize><object><name>1</name><deleted>0</deleted><verified>0</verified><occluded>no</occluded><attributes /><parts><hasparts /><ispartof /></parts><date>02-Apr-2017 19:18:30</date><id>0</id><type>bounding_box</type><polygon><username>anonymous</username><pt><x>183</x><y>60</y></pt><pt><x>207</x><y>60</y></pt><pt><x>207</x><y>93</y></pt><pt><x>183</x><y>93</y></pt></polygon></object><object><name>1</name><deleted>0</deleted><verified>0</verified><occluded>no</occluded><attributes /><parts><hasparts /><ispartof /></parts><date>02-Apr-2017 19:18:32</date><id>1</id><type>bounding_box</type><polygon><username>anonymous</username><pt><x>515</x><y>201</y></pt><pt><x>555</x><y>201</y></pt><pt><x>555</x><y>229</y></pt><pt><x>515</x><y>229</y></pt></polygon></object><object><name>1</name><deleted>0</deleted><verified>0</verified><occluded>no</occluded><attributes /><parts><hasparts /><ispartof /></parts><date>02-Apr-2017 19:18:34</date><id>2</id><type>bounding_box</type><polygon><username>anonymous</username><pt><x>976</x><y>172</y></pt><pt><x>1010</x><y>172</y></pt><pt><x>1010</x><y>202</y></pt><pt><x>976</x><y>202</y></pt></polygon></object><object><name>1</name><deleted>0</deleted><verified>0</verified><occluded>no</occluded><attributes /><parts><hasparts /><ispartof /></parts><date>08-Apr-2017 04:48:50</date><id>3</id><type>bounding_box</type><polygon><username>gtc</username><pt><x>808</x><y>349</y></pt><pt><x>845</x><y>349</y></pt><pt><x>845</x><y>400</y></pt><pt><x>808</x><y>400</y></pt></polygon></object><object><name>1</name><deleted>0</deleted><verified>0</verified><occluded>no</occluded><attributes /><parts><hasparts /><ispartof /></parts><date>08-Apr-2017 04:48:53</date><id>4</id><type>bounding_box</type><polygon><username>gtc</username><pt><x>1036</x><y>240</y></pt><pt><x>1073</x><y>240</y></pt><pt><x>1073</x><y>277</y></pt><pt><x>1036</x><y>277</y></pt></polygon></object></annotation>