<annotation><filename>59.jpg</filename><folder>users/77880077//merge_new</folder><source><submittedBy>tianchengguo</submittedBy></source><imagesize><nrows>720</nrows><ncols>1280</ncols></imagesize><object><name>1</name><deleted>0</deleted><verified>0</verified><occluded>no</occluded><attributes /><parts><hasparts /><ispartof /></parts><date>02-Apr-2017 18:34:09</date><id>0</id><type>bounding_box</type><polygon><username>anonymous</username><pt><x>258</x><y>229</y></pt><pt><x>297</x><y>229</y></pt><pt><x>297</x><y>258</y></pt><pt><x>258</x><y>258</y></pt></polygon></object><object><name>1</name><deleted>0</deleted><verified>0</verified><occluded>no</occluded><attributes /><parts><hasparts /><ispartof /></parts><date>02-Apr-2017 18:34:11</date><id>1</id><type>bounding_box</type><polygon><username>anonymous</username><pt><x>1050</x><y>177</y></pt><pt><x>1085</x><y>177</y></pt><pt><x>1085</x><y>210</y></pt><pt><x>1050</x><y>210</y></pt></polygon></object></annotation>