<annotation><filename>344.jpg</filename><folder>users/77880077//merge_new</folder><source><submittedBy>tianchengguo</submittedBy></source><imagesize><nrows>720</nrows><ncols>1280</ncols></imagesize><object><name>1</name><deleted>0</deleted><verified>0</verified><occluded>no</occluded><attributes /><parts><hasparts /><ispartof /></parts><date>02-Apr-2017 19:18:54</date><id>0</id><type>bounding_box</type><polygon><username>anonymous</username><pt><x>236</x><y>223</y></pt><pt><x>259</x><y>223</y></pt><pt><x>259</x><y>250</y></pt><pt><x>236</x><y>250</y></pt></polygon></object><object><name>1</name><deleted>0</deleted><verified>0</verified><occluded>no</occluded><attributes /><parts><hasparts /><ispartof /></parts><date>02-Apr-2017 19:18:55</date><id>1</id><type>bounding_box</type><polygon><username>anonymous</username><pt><x>870</x><y>348</y></pt><pt><x>904</x><y>348</y></pt><pt><x>904</x><y>376</y></pt><pt><x>870</x><y>376</y></pt></polygon></object><object><name>1</name><deleted>0</deleted><verified>0</verified><occluded>no</occluded><attributes /><parts><hasparts /><ispartof /></parts><date>02-Apr-2017 19:18:59</date><id>2</id><type>bounding_box</type><polygon><username>anonymous</username><pt><x>1202</x><y>133</y></pt><pt><x>1226</x><y>133</y></pt><pt><x>1226</x><y>163</y></pt><pt><x>1202</x><y>163</y></pt></polygon></object></annotation>