<annotation><filename>46.jpg</filename><folder>users/77880077//merge_new</folder><source><submittedBy>tianchengguo</submittedBy></source><imagesize><nrows>720</nrows><ncols>1280</ncols></imagesize><object><name>1</name><deleted>0</deleted><verified>0</verified><occluded>no</occluded><attributes /><parts><hasparts /><ispartof /></parts><date>02-Apr-2017 18:31:05</date><id>0</id><type>bounding_box</type><polygon><username>anonymous</username><pt><x>497</x><y>81</y></pt><pt><x>536</x><y>81</y></pt><pt><x>536</x><y>124</y></pt><pt><x>497</x><y>124</y></pt></polygon></object><object><name>1</name><deleted>0</deleted><verified>0</verified><occluded>no</occluded><attributes /><parts><hasparts /><ispartof /></parts><date>02-Apr-2017 18:31:09</date><id>1</id><type>bounding_box</type><polygon><username>anonymous</username><pt><x>517</x><y>319</y></pt><pt><x>544</x><y>319</y></pt><pt><x>544</x><y>353</y></pt><pt><x>517</x><y>353</y></pt></polygon></object><object><name>1</name><deleted>0</deleted><verified>0</verified><occluded>no</occluded><attributes /><parts><hasparts /><ispartof /></parts><date>02-Apr-2017 18:31:12</date><id>2</id><type>bounding_box</type><polygon><username>anonymous</username><pt><x>880</x><y>330</y></pt><pt><x>910</x><y>330</y></pt><pt><x>910</x><y>366</y></pt><pt><x>880</x><y>366</y></pt></polygon></object><object><name>1</name><deleted>0</deleted><verified>0</verified><occluded>no</occluded><attributes /><parts><hasparts /><ispartof /></parts><date>02-Apr-2017 18:31:14</date><id>3</id><type>bounding_box</type><polygon><username>anonymous</username><pt><x>544</x><y>249</y></pt><pt><x>575</x><y>249</y></pt><pt><x>575</x><y>280</y></pt><pt><x>544</x><y>280</y></pt></polygon></object><object><name>1</name><deleted>0</deleted><verified>0</verified><occluded>no</occluded><attributes /><parts><hasparts /><ispartof /></parts><date>02-Apr-2017 18:31:18</date><id>4</id><type>bounding_box</type><polygon><username>anonymous</username><pt><x>850</x><y>402</y></pt><pt><x>883</x><y>402</y></pt><pt><x>883</x><y>436</y></pt><pt><x>850</x><y>436</y></pt></polygon></object></annotation>