<annotation><filename>345.jpg</filename><folder>users/77880077//merge_new</folder><source><submittedBy>tianchengguo</submittedBy></source><imagesize><nrows>720</nrows><ncols>1280</ncols></imagesize><object><name>1</name><deleted>0</deleted><verified>0</verified><occluded>no</occluded><attributes /><parts><hasparts /><ispartof /></parts><date>02-Apr-2017 19:19:02</date><id>0</id><type>bounding_box</type><polygon><username>anonymous</username><pt><x>318</x><y>293</y></pt><pt><x>349</x><y>293</y></pt><pt><x>349</x><y>322</y></pt><pt><x>318</x><y>322</y></pt></polygon></object><object><name>1</name><deleted>0</deleted><verified>0</verified><occluded>no</occluded><attributes /><parts><hasparts /><ispartof /></parts><date>02-Apr-2017 19:19:04</date><id>1</id><type>bounding_box</type><polygon><username>anonymous</username><pt><x>1132</x><y>209</y></pt><pt><x>1168</x><y>209</y></pt><pt><x>1168</x><y>234</y></pt><pt><x>1132</x><y>234</y></pt></polygon></object><object><name>1</name><deleted>0</deleted><verified>0</verified><occluded>no</occluded><attributes /><parts><hasparts /><ispartof /></parts><date>02-Apr-2017 19:19:06</date><id>2</id><type>bounding_box</type><polygon><username>anonymous</username><pt><x>690</x><y>433</y></pt><pt><x>716</x><y>433</y></pt><pt><x>716</x><y>465</y></pt><pt><x>690</x><y>465</y></pt></polygon></object></annotation>