<annotation><filename>29.jpg</filename><folder>users/77880077//merge_new</folder><source><submittedBy>tianchengguo</submittedBy></source><imagesize><nrows>720</nrows><ncols>1280</ncols></imagesize><object><name>1</name><deleted>0</deleted><verified>0</verified><occluded>no</occluded><attributes /><parts><hasparts /><ispartof /></parts><date>02-Apr-2017 18:27:51</date><id>0</id><type>bounding_box</type><polygon><username>anonymous</username><pt><x>414</x><y>249</y></pt><pt><x>446</x><y>249</y></pt><pt><x>446</x><y>287</y></pt><pt><x>414</x><y>287</y></pt></polygon></object><object><name>1</name><deleted>0</deleted><verified>0</verified><occluded>no</occluded><attributes /><parts><hasparts /><ispartof /></parts><date>02-Apr-2017 18:27:53</date><id>1</id><type>bounding_box</type><polygon><username>anonymous</username><pt><x>402</x><y>378</y></pt><pt><x>436</x><y>378</y></pt><pt><x>436</x><y>419</y></pt><pt><x>402</x><y>419</y></pt></polygon></object><object><name>1</name><deleted>0</deleted><verified>0</verified><occluded>no</occluded><attributes /><parts><hasparts /><ispartof /></parts><date>02-Apr-2017 18:27:57</date><id>2</id><type>bounding_box</type><polygon><username>anonymous</username><pt><x>624</x><y>165</y></pt><pt><x>655</x><y>165</y></pt><pt><x>655</x><y>198</y></pt><pt><x>624</x><y>198</y></pt></polygon></object><object><name>1</name><deleted>0</deleted><verified>0</verified><occluded>no</occluded><attributes /><parts><hasparts /><ispartof /></parts><date>02-Apr-2017 18:28:00</date><id>3</id><type>bounding_box</type><polygon><username>anonymous</username><pt><x>203</x><y>359</y></pt><pt><x>229</x><y>359</y></pt><pt><x>229</x><y>393</y></pt><pt><x>203</x><y>393</y></pt></polygon></object></annotation>