<annotation><filename>370.jpg</filename><folder>users/77880077//merge_new</folder><source><submittedBy>tianchengguo</submittedBy></source><imagesize><nrows>720</nrows><ncols>1280</ncols></imagesize><object><name>1</name><deleted>0</deleted><verified>0</verified><occluded>no</occluded><attributes /><parts><hasparts /><ispartof /></parts><date>02-Apr-2017 19:22:03</date><id>0</id><type>bounding_box</type><polygon><username>anonymous</username><pt><x>96</x><y>318</y></pt><pt><x>119</x><y>318</y></pt><pt><x>119</x><y>342</y></pt><pt><x>96</x><y>342</y></pt></polygon></object><object><name>1</name><deleted>0</deleted><verified>0</verified><occluded>no</occluded><attributes /><parts><hasparts /><ispartof /></parts><date>02-Apr-2017 19:22:05</date><id>1</id><type>bounding_box</type><polygon><username>anonymous</username><pt><x>744</x><y>296</y></pt><pt><x>778</x><y>296</y></pt><pt><x>778</x><y>333</y></pt><pt><x>744</x><y>333</y></pt></polygon></object><object><name>1</name><deleted>0</deleted><verified>0</verified><occluded>no</occluded><attributes /><parts><hasparts /><ispartof /></parts><date>08-Apr-2017 04:52:54</date><id>2</id><type>bounding_box</type><polygon><username>gtc</username><pt><x>117</x><y>439</y></pt><pt><x>171</x><y>439</y></pt><pt><x>171</x><y>470</y></pt><pt><x>117</x><y>470</y></pt></polygon></object></annotation>