<annotation><filename>340.jpg</filename><folder>users/77880077//merge_new</folder><source><submittedBy>tianchengguo</submittedBy></source><imagesize><nrows>720</nrows><ncols>1280</ncols></imagesize><object><name>1</name><deleted>0</deleted><verified>0</verified><occluded>no</occluded><attributes /><parts><hasparts /><ispartof /></parts><date>02-Apr-2017 19:18:22</date><id>0</id><type>bounding_box</type><polygon><username>anonymous</username><pt><x>177</x><y>120</y></pt><pt><x>198</x><y>120</y></pt><pt><x>198</x><y>146</y></pt><pt><x>177</x><y>146</y></pt></polygon></object><object><name>1</name><deleted>0</deleted><verified>0</verified><occluded>no</occluded><attributes /><parts><hasparts /><ispartof /></parts><date>02-Apr-2017 19:18:24</date><id>1</id><type>bounding_box</type><polygon><username>anonymous</username><pt><x>341</x><y>195</y></pt><pt><x>375</x><y>195</y></pt><pt><x>375</x><y>227</y></pt><pt><x>341</x><y>227</y></pt></polygon></object><object><name>1</name><deleted>0</deleted><verified>0</verified><occluded>no</occluded><attributes /><parts><hasparts /><ispartof /></parts><date>02-Apr-2017 19:18:27</date><id>2</id><type>bounding_box</type><polygon><username>anonymous</username><pt><x>1079</x><y>362</y></pt><pt><x>1110</x><y>362</y></pt><pt><x>1110</x><y>392</y></pt><pt><x>1079</x><y>392</y></pt></polygon></object></annotation>