<annotation><filename>358.jpg</filename><folder>users/77880077//merge_new</folder><source><submittedBy>tianchengguo</submittedBy></source><imagesize><nrows>720</nrows><ncols>1280</ncols></imagesize><object><name>1</name><deleted>0</deleted><verified>0</verified><occluded>no</occluded><attributes /><parts><hasparts /><ispartof /></parts><date>02-Apr-2017 19:20:32</date><id>0</id><type>bounding_box</type><polygon><username>anonymous</username><pt><x>523</x><y>84</y></pt><pt><x>549</x><y>84</y></pt><pt><x>549</x><y>113</y></pt><pt><x>523</x><y>113</y></pt></polygon></object><object><name>1</name><deleted>0</deleted><verified>0</verified><occluded>no</occluded><attributes /><parts><hasparts /><ispartof /></parts><date>02-Apr-2017 19:20:35</date><id>1</id><type>bounding_box</type><polygon><username>anonymous</username><pt><x>940</x><y>264</y></pt><pt><x>967</x><y>264</y></pt><pt><x>967</x><y>291</y></pt><pt><x>940</x><y>291</y></pt></polygon></object><object><name>1</name><deleted>0</deleted><verified>0</verified><occluded>no</occluded><attributes /><parts><hasparts /><ispartof /></parts><date>08-Apr-2017 04:50:56</date><id>2</id><type>bounding_box</type><polygon><username>gtc</username><pt><x>710</x><y>305</y></pt><pt><x>744</x><y>305</y></pt><pt><x>744</x><y>351</y></pt><pt><x>710</x><y>351</y></pt></polygon></object></annotation>