<annotation><filename>479.jpg</filename><folder>users/77880077//merge_new</folder><source><submittedBy>tianchengguo</submittedBy></source><imagesize><nrows>720</nrows><ncols>1280</ncols></imagesize><object><name>1</name><deleted>0</deleted><verified>0</verified><occluded>no</occluded><attributes /><parts><hasparts /><ispartof /></parts><date>02-Apr-2017 19:35:42</date><id>0</id><type>bounding_box</type><polygon><username>anonymous</username><pt><x>510</x><y>285</y></pt><pt><x>549</x><y>285</y></pt><pt><x>549</x><y>326</y></pt><pt><x>510</x><y>326</y></pt></polygon></object><object><name>1</name><deleted>0</deleted><verified>0</verified><occluded>no</occluded><attributes /><parts><hasparts /><ispartof /></parts><date>02-Apr-2017 19:35:44</date><id>1</id><type>bounding_box</type><polygon><username>anonymous</username><pt><x>405</x><y>372</y></pt><pt><x>449</x><y>372</y></pt><pt><x>449</x><y>417</y></pt><pt><x>405</x><y>417</y></pt></polygon></object><object><name>1</name><deleted>0</deleted><verified>0</verified><occluded>no</occluded><attributes /><parts><hasparts /><ispartof /></parts><date>02-Apr-2017 19:35:47</date><id>2</id><type>bounding_box</type><polygon><username>anonymous</username><pt><x>1064</x><y>336</y></pt><pt><x>1094</x><y>336</y></pt><pt><x>1094</x><y>374</y></pt><pt><x>1064</x><y>374</y></pt></polygon></object><object><name>1</name><deleted>0</deleted><verified>0</verified><occluded>no</occluded><attributes /><parts><hasparts /><ispartof /></parts><date>08-Apr-2017 05:08:15</date><id>3</id><type>bounding_box</type><polygon><username>gtc</username><pt><x>726</x><y>304</y></pt><pt><x>758</x><y>304</y></pt><pt><x>758</x><y>335</y></pt><pt><x>726</x><y>335</y></pt></polygon></object><object><name>1</name><deleted>0</deleted><verified>0</verified><occluded>no</occluded><attributes /><parts><hasparts /><ispartof /></parts><date>08-Apr-2017 05:08:17</date><id>4</id><type>bounding_box</type><polygon><username>gtc</username><pt><x>954</x><y>41</y></pt><pt><x>984</x><y>41</y></pt><pt><x>984</x><y>85</y></pt><pt><x>954</x><y>85</y></pt></polygon></object><object><name>1</name><deleted>0</deleted><verified>0</verified><occluded>no</occluded><attributes /><parts><hasparts /><ispartof /></parts><date>08-Apr-2017 05:08:21</date><id>5</id><type>bounding_box</type><polygon><username>gtc</username><pt><x>1156</x><y>170</y></pt><pt><x>1184</x><y>170</y></pt><pt><x>1184</x><y>203</y></pt><pt><x>1156</x><y>203</y></pt></polygon></object></annotation>