<annotation><filename>392.jpg</filename><folder>users/77880077//merge_new</folder><source><submittedBy>tianchengguo</submittedBy></source><imagesize><nrows>720</nrows><ncols>1280</ncols></imagesize><object><name>1</name><deleted>0</deleted><verified>0</verified><occluded>no</occluded><attributes /><parts><hasparts /><ispartof /></parts><date>02-Apr-2017 19:24:42</date><id>0</id><type>bounding_box</type><polygon><username>anonymous</username><pt><x>306</x><y>109</y></pt><pt><x>345</x><y>109</y></pt><pt><x>345</x><y>150</y></pt><pt><x>306</x><y>150</y></pt></polygon></object><object><name>1</name><deleted>0</deleted><verified>0</verified><occluded>no</occluded><attributes /><parts><hasparts /><ispartof /></parts><date>02-Apr-2017 19:24:44</date><id>1</id><type>bounding_box</type><polygon><username>anonymous</username><pt><x>546</x><y>246</y></pt><pt><x>579</x><y>246</y></pt><pt><x>579</x><y>285</y></pt><pt><x>546</x><y>285</y></pt></polygon></object><object><name>1</name><deleted>0</deleted><verified>0</verified><occluded>no</occluded><attributes /><parts><hasparts /><ispartof /></parts><date>08-Apr-2017 04:55:23</date><id>2</id><type>bounding_box</type><polygon><username>gtc</username><pt><x>711</x><y>304</y></pt><pt><x>734</x><y>304</y></pt><pt><x>734</x><y>347</y></pt><pt><x>711</x><y>347</y></pt></polygon></object><object><name>1</name><deleted>0</deleted><verified>0</verified><occluded>no</occluded><attributes /><parts><hasparts /><ispartof /></parts><date>08-Apr-2017 04:55:26</date><id>3</id><type>bounding_box</type><polygon><username>gtc</username><pt><x>892</x><y>335</y></pt><pt><x>919</x><y>335</y></pt><pt><x>919</x><y>368</y></pt><pt><x>892</x><y>368</y></pt></polygon></object></annotation>