<annotation><filename>437.jpg</filename><folder>users/77880077//merge_new</folder><source><submittedBy>tianchengguo</submittedBy></source><imagesize><nrows>720</nrows><ncols>1280</ncols></imagesize><object><name>1</name><deleted>0</deleted><verified>0</verified><occluded>no</occluded><attributes /><parts><hasparts /><ispartof /></parts><date>02-Apr-2017 19:30:28</date><id>0</id><type>bounding_box</type><polygon><username>anonymous</username><pt><x>141</x><y>156</y></pt><pt><x>173</x><y>156</y></pt><pt><x>173</x><y>191</y></pt><pt><x>141</x><y>191</y></pt></polygon></object><object><name>1</name><deleted>0</deleted><verified>0</verified><occluded>no</occluded><attributes /><parts><hasparts /><ispartof /></parts><date>02-Apr-2017 19:30:30</date><id>1</id><type>bounding_box</type><polygon><username>anonymous</username><pt><x>349</x><y>42</y></pt><pt><x>376</x><y>42</y></pt><pt><x>376</x><y>81</y></pt><pt><x>349</x><y>81</y></pt></polygon></object><object><name>1</name><deleted>0</deleted><verified>0</verified><occluded>no</occluded><attributes /><parts><hasparts /><ispartof /></parts><date>02-Apr-2017 19:30:33</date><id>2</id><type>bounding_box</type><polygon><username>anonymous</username><pt><x>327</x><y>237</y></pt><pt><x>351</x><y>237</y></pt><pt><x>351</x><y>262</y></pt><pt><x>327</x><y>262</y></pt></polygon></object><object><name>1</name><deleted>0</deleted><verified>0</verified><occluded>no</occluded><attributes /><parts><hasparts /><ispartof /></parts><date>08-Apr-2017 05:02:19</date><id>3</id><type>bounding_box</type><polygon><username>gtc</username><pt><x>421</x><y>377</y></pt><pt><x>454</x><y>377</y></pt><pt><x>454</x><y>406</y></pt><pt><x>421</x><y>406</y></pt></polygon></object><object><name>1</name><deleted>0</deleted><verified>0</verified><occluded>no</occluded><attributes /><parts><hasparts /><ispartof /></parts><date>08-Apr-2017 05:02:23</date><id>4</id><type>bounding_box</type><polygon><username>gtc</username><pt><x>699</x><y>303</y></pt><pt><x>744</x><y>303</y></pt><pt><x>744</x><y>338</y></pt><pt><x>699</x><y>338</y></pt></polygon></object></annotation>