<annotation><filename>371.jpg</filename><folder>users/77880077//merge_new</folder><source><submittedBy>tianchengguo</submittedBy></source><imagesize><nrows>720</nrows><ncols>1280</ncols></imagesize><object><name>1</name><deleted>0</deleted><verified>0</verified><occluded>no</occluded><attributes /><parts><hasparts /><ispartof /></parts><date>02-Apr-2017 19:22:08</date><id>0</id><type>bounding_box</type><polygon><username>anonymous</username><pt><x>216</x><y>100</y></pt><pt><x>247</x><y>100</y></pt><pt><x>247</x><y>129</y></pt><pt><x>216</x><y>129</y></pt></polygon></object><object><name>1</name><deleted>0</deleted><verified>0</verified><occluded>no</occluded><attributes /><parts><hasparts /><ispartof /></parts><date>02-Apr-2017 19:22:10</date><id>1</id><type>bounding_box</type><polygon><username>anonymous</username><pt><x>191</x><y>233</y></pt><pt><x>224</x><y>233</y></pt><pt><x>224</x><y>265</y></pt><pt><x>191</x><y>265</y></pt></polygon></object><object><name>1</name><deleted>0</deleted><verified>0</verified><occluded>no</occluded><attributes /><parts><hasparts /><ispartof /></parts><date>08-Apr-2017 04:52:58</date><id>2</id><type>bounding_box</type><polygon><username>gtc</username><pt><x>635</x><y>140</y></pt><pt><x>674</x><y>140</y></pt><pt><x>674</x><y>178</y></pt><pt><x>635</x><y>178</y></pt></polygon></object><object><name>1</name><deleted>0</deleted><verified>0</verified><occluded>no</occluded><attributes /><parts><hasparts /><ispartof /></parts><date>08-Apr-2017 04:53:03</date><id>3</id><type>bounding_box</type><polygon><username>gtc</username><pt><x>637</x><y>311</y></pt><pt><x>663</x><y>311</y></pt><pt><x>663</x><y>343</y></pt><pt><x>637</x><y>343</y></pt></polygon></object></annotation>