<annotation><filename>16.jpg</filename><folder>users/77880077//merge_new</folder><source><submittedBy>tianchengguo</submittedBy></source><imagesize><nrows>720</nrows><ncols>1280</ncols></imagesize><object><name>1</name><deleted>0</deleted><verified>0</verified><occluded>no</occluded><attributes /><parts><hasparts /><ispartof /></parts><date>02-Apr-2017 18:21:53</date><id>0</id><type>bounding_box</type><polygon><username>anonymous</username><pt><x>275</x><y>139</y></pt><pt><x>315</x><y>139</y></pt><pt><x>315</x><y>184</y></pt><pt><x>275</x><y>184</y></pt></polygon></object><object><name>1</name><deleted>0</deleted><verified>0</verified><occluded>no</occluded><attributes /><parts><hasparts /><ispartof /></parts><date>02-Apr-2017 18:21:56</date><id>1</id><type>bounding_box</type><polygon><username>anonymous</username><pt><x>736</x><y>289</y></pt><pt><x>767</x><y>289</y></pt><pt><x>767</x><y>327</y></pt><pt><x>736</x><y>327</y></pt></polygon></object><object><name>1</name><deleted>0</deleted><verified>0</verified><occluded>no</occluded><attributes /><parts><hasparts /><ispartof /></parts><date>02-Apr-2017 18:21:58</date><id>2</id><type>bounding_box</type><polygon><username>anonymous</username><pt><x>637</x><y>428</y></pt><pt><x>679</x><y>428</y></pt><pt><x>679</x><y>472</y></pt><pt><x>637</x><y>472</y></pt></polygon></object><object><name>1</name><deleted>0</deleted><verified>0</verified><occluded>no</occluded><attributes /><parts><hasparts /><ispartof /></parts><date>02-Apr-2017 18:22:01</date><id>3</id><type>bounding_box</type><polygon><username>anonymous</username><pt><x>1066</x><y>232</y></pt><pt><x>1096</x><y>232</y></pt><pt><x>1096</x><y>270</y></pt><pt><x>1066</x><y>270</y></pt></polygon></object></annotation>