<annotation><filename>470.jpg</filename><folder>users/77880077//merge_new</folder><source><submittedBy>tianchengguo</submittedBy></source><imagesize><nrows>720</nrows><ncols>1280</ncols></imagesize><object><name>1</name><deleted>0</deleted><verified>0</verified><occluded>no</occluded><attributes /><parts><hasparts /><ispartof /></parts><date>02-Apr-2017 19:34:43</date><id>0</id><type>bounding_box</type><polygon><username>anonymous</username><pt><x>405</x><y>311</y></pt><pt><x>436</x><y>311</y></pt><pt><x>436</x><y>349</y></pt><pt><x>405</x><y>349</y></pt></polygon></object><object><name>1</name><deleted>0</deleted><verified>0</verified><occluded>no</occluded><attributes /><parts><hasparts /><ispartof /></parts><date>02-Apr-2017 19:34:45</date><id>1</id><type>bounding_box</type><polygon><username>anonymous</username><pt><x>1166</x><y>413</y></pt><pt><x>1193</x><y>413</y></pt><pt><x>1193</x><y>445</y></pt><pt><x>1166</x><y>445</y></pt></polygon></object><object><name>1</name><deleted>0</deleted><verified>0</verified><occluded>no</occluded><attributes /><parts><hasparts /><ispartof /></parts><date>08-Apr-2017 05:07:22</date><id>2</id><type>bounding_box</type><polygon><username>gtc</username><pt><x>474</x><y>213</y></pt><pt><x>509</x><y>213</y></pt><pt><x>509</x><y>240</y></pt><pt><x>474</x><y>240</y></pt></polygon></object><object><name>1</name><deleted>0</deleted><verified>0</verified><occluded>no</occluded><attributes /><parts><hasparts /><ispartof /></parts><date>08-Apr-2017 05:07:24</date><id>3</id><type>bounding_box</type><polygon><username>gtc</username><pt><x>586</x><y>199</y></pt><pt><x>624</x><y>199</y></pt><pt><x>624</x><y>232</y></pt><pt><x>586</x><y>232</y></pt></polygon></object></annotation>