<annotation><filename>471.jpg</filename><folder>users/77880077//merge_new</folder><source><submittedBy>tianchengguo</submittedBy></source><imagesize><nrows>720</nrows><ncols>1280</ncols></imagesize><object><name>1</name><deleted>0</deleted><verified>0</verified><occluded>no</occluded><attributes /><parts><hasparts /><ispartof /></parts><date>02-Apr-2017 19:34:48</date><id>0</id><type>bounding_box</type><polygon><username>anonymous</username><pt><x>529</x><y>398</y></pt><pt><x>559</x><y>398</y></pt><pt><x>559</x><y>442</y></pt><pt><x>529</x><y>442</y></pt></polygon></object><object><name>1</name><deleted>0</deleted><verified>0</verified><occluded>no</occluded><attributes /><parts><hasparts /><ispartof /></parts><date>02-Apr-2017 19:34:50</date><id>1</id><type>bounding_box</type><polygon><username>anonymous</username><pt><x>64</x><y>42</y></pt><pt><x>99</x><y>42</y></pt><pt><x>99</x><y>80</y></pt><pt><x>64</x><y>80</y></pt></polygon></object><object><name>1</name><deleted>0</deleted><verified>0</verified><occluded>no</occluded><attributes /><parts><hasparts /><ispartof /></parts><date>02-Apr-2017 19:34:52</date><id>2</id><type>bounding_box</type><polygon><username>anonymous</username><pt><x>1058</x><y>313</y></pt><pt><x>1097</x><y>313</y></pt><pt><x>1097</x><y>348</y></pt><pt><x>1058</x><y>348</y></pt></polygon></object><object><name>1</name><deleted>0</deleted><verified>0</verified><occluded>no</occluded><attributes /><parts><hasparts /><ispartof /></parts><date>08-Apr-2017 05:07:31</date><id>3</id><type>bounding_box</type><polygon><username>gtc</username><pt><x>1122</x><y>213</y></pt><pt><x>1160</x><y>213</y></pt><pt><x>1160</x><y>257</y></pt><pt><x>1122</x><y>257</y></pt></polygon></object></annotation>