<annotation><filename>459.jpg</filename><folder>users/77880077//merge_new</folder><source><submittedBy>tianchengguo</submittedBy></source><imagesize><nrows>720</nrows><ncols>1280</ncols></imagesize><object><name>1</name><deleted>0</deleted><verified>0</verified><occluded>no</occluded><attributes /><parts><hasparts /><ispartof /></parts><date>02-Apr-2017 19:33:16</date><id>0</id><type>bounding_box</type><polygon><username>anonymous</username><pt><x>316</x><y>85</y></pt><pt><x>346</x><y>85</y></pt><pt><x>346</x><y>117</y></pt><pt><x>316</x><y>117</y></pt></polygon></object><object><name>1</name><deleted>0</deleted><verified>0</verified><occluded>no</occluded><attributes /><parts><hasparts /><ispartof /></parts><date>02-Apr-2017 19:33:20</date><id>1</id><type>bounding_box</type><polygon><username>anonymous</username><pt><x>453</x><y>183</y></pt><pt><x>478</x><y>183</y></pt><pt><x>478</x><y>216</y></pt><pt><x>453</x><y>216</y></pt></polygon></object><object><name>1</name><deleted>0</deleted><verified>0</verified><occluded>no</occluded><attributes /><parts><hasparts /><ispartof /></parts><date>02-Apr-2017 19:33:22</date><id>2</id><type>bounding_box</type><polygon><username>anonymous</username><pt><x>1100</x><y>278</y></pt><pt><x>1139</x><y>278</y></pt><pt><x>1139</x><y>311</y></pt><pt><x>1100</x><y>311</y></pt></polygon></object></annotation>