<annotation><filename>360.jpg</filename><folder>users/77880077//merge_new</folder><source><submittedBy>tianchengguo</submittedBy></source><imagesize><nrows>720</nrows><ncols>1280</ncols></imagesize><object><name>1</name><deleted>0</deleted><verified>0</verified><occluded>no</occluded><attributes /><parts><hasparts /><ispartof /></parts><date>02-Apr-2017 19:20:44</date><id>0</id><type>bounding_box</type><polygon><username>anonymous</username><pt><x>98</x><y>213</y></pt><pt><x>129</x><y>213</y></pt><pt><x>129</x><y>237</y></pt><pt><x>98</x><y>237</y></pt></polygon></object><object><name>1</name><deleted>0</deleted><verified>0</verified><occluded>no</occluded><attributes /><parts><hasparts /><ispartof /></parts><date>02-Apr-2017 19:20:47</date><id>1</id><type>bounding_box</type><polygon><username>anonymous</username><pt><x>493</x><y>61</y></pt><pt><x>525</x><y>61</y></pt><pt><x>525</x><y>103</y></pt><pt><x>493</x><y>103</y></pt></polygon></object><object><name>1</name><deleted>0</deleted><verified>0</verified><occluded>no</occluded><attributes /><parts><hasparts /><ispartof /></parts><date>02-Apr-2017 19:20:49</date><id>2</id><type>bounding_box</type><polygon><username>anonymous</username><pt><x>686</x><y>302</y></pt><pt><x>718</x><y>302</y></pt><pt><x>718</x><y>336</y></pt><pt><x>686</x><y>336</y></pt></polygon></object><object><name>1</name><deleted>0</deleted><verified>0</verified><occluded>no</occluded><attributes /><parts><hasparts /><ispartof /></parts><date>08-Apr-2017 04:51:26</date><id>3</id><type>bounding_box</type><polygon><username>gtc</username><pt><x>784</x><y>62</y></pt><pt><x>814</x><y>62</y></pt><pt><x>814</x><y>92</y></pt><pt><x>784</x><y>92</y></pt></polygon></object></annotation>