<annotation><filename>41.jpg</filename><folder>users/77880077//merge_new</folder><source><submittedBy>tianchengguo</submittedBy></source><imagesize><nrows>720</nrows><ncols>1280</ncols></imagesize><object><name>1</name><deleted>0</deleted><verified>0</verified><occluded>no</occluded><attributes /><parts><hasparts /><ispartof /></parts><date>02-Apr-2017 18:30:09</date><id>0</id><type>bounding_box</type><polygon><username>anonymous</username><pt><x>237</x><y>145</y></pt><pt><x>274</x><y>145</y></pt><pt><x>274</x><y>181</y></pt><pt><x>237</x><y>181</y></pt></polygon></object><object><name>1</name><deleted>0</deleted><verified>0</verified><occluded>no</occluded><attributes /><parts><hasparts /><ispartof /></parts><date>02-Apr-2017 18:30:11</date><id>1</id><type>bounding_box</type><polygon><username>anonymous</username><pt><x>631</x><y>280</y></pt><pt><x>675</x><y>280</y></pt><pt><x>675</x><y>331</y></pt><pt><x>631</x><y>331</y></pt></polygon></object><object><name>1</name><deleted>0</deleted><verified>0</verified><occluded>no</occluded><attributes /><parts><hasparts /><ispartof /></parts><date>02-Apr-2017 18:30:13</date><id>2</id><type>bounding_box</type><polygon><username>anonymous</username><pt><x>1021</x><y>234</y></pt><pt><x>1058</x><y>234</y></pt><pt><x>1058</x><y>275</y></pt><pt><x>1021</x><y>275</y></pt></polygon></object><object><name>1</name><deleted>0</deleted><verified>0</verified><occluded>no</occluded><attributes /><parts><hasparts /><ispartof /></parts><date>08-Apr-2017 03:59:36</date><id>3</id><type>bounding_box</type><polygon><username>gtc</username><pt><x>1002</x><y>289</y></pt><pt><x>1041</x><y>289</y></pt><pt><x>1041</x><y>321</y></pt><pt><x>1002</x><y>321</y></pt></polygon></object></annotation>