<annotation><filename>397.jpg</filename><folder>users/77880077//merge_new</folder><source><submittedBy>tianchengguo</submittedBy></source><imagesize><nrows>720</nrows><ncols>1280</ncols></imagesize><object><name>1</name><deleted>0</deleted><verified>0</verified><occluded>no</occluded><attributes /><parts><hasparts /><ispartof /></parts><date>02-Apr-2017 19:25:23</date><id>0</id><type>bounding_box</type><polygon><username>anonymous</username><pt><x>449</x><y>70</y></pt><pt><x>476</x><y>70</y></pt><pt><x>476</x><y>102</y></pt><pt><x>449</x><y>102</y></pt></polygon></object><object><name>1</name><deleted>0</deleted><verified>0</verified><occluded>no</occluded><attributes /><parts><hasparts /><ispartof /></parts><date>02-Apr-2017 19:25:25</date><id>1</id><type>bounding_box</type><polygon><username>anonymous</username><pt><x>487</x><y>402</y></pt><pt><x>511</x><y>402</y></pt><pt><x>511</x><y>431</y></pt><pt><x>487</x><y>431</y></pt></polygon></object><object><name>1</name><deleted>0</deleted><verified>0</verified><occluded>no</occluded><attributes /><parts><hasparts /><ispartof /></parts><date>02-Apr-2017 19:25:27</date><id>2</id><type>bounding_box</type><polygon><username>anonymous</username><pt><x>716</x><y>263</y></pt><pt><x>747</x><y>263</y></pt><pt><x>747</x><y>303</y></pt><pt><x>716</x><y>303</y></pt></polygon></object></annotation>