<annotation><filename>487.jpg</filename><folder>users/77880077//merge_new</folder><source><submittedBy>tianchengguo</submittedBy></source><imagesize><nrows>720</nrows><ncols>1280</ncols></imagesize><object><name>1</name><deleted>0</deleted><verified>0</verified><occluded>no</occluded><attributes /><parts><hasparts /><ispartof /></parts><date>02-Apr-2017 19:36:38</date><id>0</id><type>bounding_box</type><polygon><username>anonymous</username><pt><x>336</x><y>294</y></pt><pt><x>366</x><y>294</y></pt><pt><x>366</x><y>332</y></pt><pt><x>336</x><y>332</y></pt></polygon></object><object><name>1</name><deleted>0</deleted><verified>0</verified><occluded>no</occluded><attributes /><parts><hasparts /><ispartof /></parts><date>02-Apr-2017 19:36:40</date><id>1</id><type>bounding_box</type><polygon><username>anonymous</username><pt><x>524</x><y>414</y></pt><pt><x>555</x><y>414</y></pt><pt><x>555</x><y>450</y></pt><pt><x>524</x><y>450</y></pt></polygon></object><object><name>1</name><deleted>0</deleted><verified>0</verified><occluded>no</occluded><attributes /><parts><hasparts /><ispartof /></parts><date>02-Apr-2017 19:36:42</date><id>2</id><type>bounding_box</type><polygon><username>anonymous</username><pt><x>1029</x><y>72</y></pt><pt><x>1052</x><y>72</y></pt><pt><x>1052</x><y>99</y></pt><pt><x>1029</x><y>99</y></pt></polygon></object><object><name>1</name><deleted>0</deleted><verified>0</verified><occluded>no</occluded><attributes /><parts><hasparts /><ispartof /></parts><date>08-Apr-2017 05:09:25</date><id>3</id><type>bounding_box</type><polygon><username>gtc</username><pt><x>720</x><y>75</y></pt><pt><x>748</x><y>75</y></pt><pt><x>748</x><y>111</y></pt><pt><x>720</x><y>111</y></pt></polygon></object><object><name>1</name><deleted>0</deleted><verified>0</verified><occluded>no</occluded><attributes /><parts><hasparts /><ispartof /></parts><date>08-Apr-2017 05:09:27</date><id>4</id><type>bounding_box</type><polygon><username>gtc</username><pt><x>706</x><y>198</y></pt><pt><x>742</x><y>198</y></pt><pt><x>742</x><y>230</y></pt><pt><x>706</x><y>230</y></pt></polygon></object><object><name>1</name><deleted>0</deleted><verified>0</verified><occluded>no</occluded><attributes /><parts><hasparts /><ispartof /></parts><date>08-Apr-2017 05:09:31</date><id>5</id><type>bounding_box</type><polygon><username>gtc</username><pt><x>214</x><y>124</y></pt><pt><x>247</x><y>124</y></pt><pt><x>247</x><y>154</y></pt><pt><x>214</x><y>154</y></pt></polygon></object><object><name>1</name><deleted>0</deleted><verified>0</verified><occluded>no</occluded><attributes /><parts><hasparts /><ispartof /></parts><date>08-Apr-2017 05:09:34</date><id>6</id><type>bounding_box</type><polygon><username>gtc</username><pt><x>1129</x><y>258</y></pt><pt><x>1156</x><y>258</y></pt><pt><x>1156</x><y>295</y></pt><pt><x>1129</x><y>295</y></pt></polygon></object></annotation>