<annotation><filename>343.jpg</filename><folder>users/77880077//merge_new</folder><source><submittedBy>tianchengguo</submittedBy></source><imagesize><nrows>720</nrows><ncols>1280</ncols></imagesize><object><name>1</name><deleted>0</deleted><verified>0</verified><occluded>no</occluded><attributes /><parts><hasparts /><ispartof /></parts><date>02-Apr-2017 19:18:46</date><id>0</id><type>bounding_box</type><polygon><username>anonymous</username><pt><x>119</x><y>340</y></pt><pt><x>146</x><y>340</y></pt><pt><x>146</x><y>363</y></pt><pt><x>119</x><y>363</y></pt></polygon></object><object><name>1</name><deleted>0</deleted><verified>0</verified><occluded>no</occluded><attributes /><parts><hasparts /><ispartof /></parts><date>02-Apr-2017 19:18:48</date><id>1</id><type>bounding_box</type><polygon><username>anonymous</username><pt><x>1169</x><y>142</y></pt><pt><x>1198</x><y>142</y></pt><pt><x>1198</x><y>171</y></pt><pt><x>1169</x><y>171</y></pt></polygon></object><object><name>1</name><deleted>0</deleted><verified>0</verified><occluded>no</occluded><attributes /><parts><hasparts /><ispartof /></parts><date>02-Apr-2017 19:18:50</date><id>2</id><type>bounding_box</type><polygon><username>anonymous</username><pt><x>1194</x><y>321</y></pt><pt><x>1224</x><y>321</y></pt><pt><x>1224</x><y>363</y></pt><pt><x>1194</x><y>363</y></pt></polygon></object><object><name>1</name><deleted>0</deleted><verified>0</verified><occluded>no</occluded><attributes /><parts><hasparts /><ispartof /></parts><date>08-Apr-2017 04:49:01</date><id>3</id><type>bounding_box</type><polygon><username>gtc</username><pt><x>582</x><y>402</y></pt><pt><x>615</x><y>402</y></pt><pt><x>615</x><y>432</y></pt><pt><x>582</x><y>432</y></pt></polygon></object></annotation>