<annotation><filename>458.jpg</filename><folder>users/77880077//merge_new</folder><source><submittedBy>tianchengguo</submittedBy></source><imagesize><nrows>720</nrows><ncols>1280</ncols></imagesize><object><name>1</name><deleted>0</deleted><verified>0</verified><occluded>no</occluded><attributes /><parts><hasparts /><ispartof /></parts><date>02-Apr-2017 19:33:07</date><id>0</id><type>bounding_box</type><polygon><username>anonymous</username><pt><x>329</x><y>225</y></pt><pt><x>360</x><y>225</y></pt><pt><x>360</x><y>256</y></pt><pt><x>329</x><y>256</y></pt></polygon></object><object><name>1</name><deleted>0</deleted><verified>0</verified><occluded>no</occluded><attributes /><parts><hasparts /><ispartof /></parts><date>02-Apr-2017 19:33:10</date><id>1</id><type>bounding_box</type><polygon><username>anonymous</username><pt><x>1165</x><y>174</y></pt><pt><x>1196</x><y>174</y></pt><pt><x>1196</x><y>210</y></pt><pt><x>1165</x><y>210</y></pt></polygon></object><object><name>1</name><deleted>0</deleted><verified>0</verified><occluded>no</occluded><attributes /><parts><hasparts /><ispartof /></parts><date>02-Apr-2017 19:33:11</date><id>2</id><type>bounding_box</type><polygon><username>anonymous</username><pt><x>1079</x><y>263</y></pt><pt><x>1109</x><y>263</y></pt><pt><x>1109</x><y>289</y></pt><pt><x>1079</x><y>289</y></pt></polygon></object><object><name>1</name><deleted>0</deleted><verified>0</verified><occluded>no</occluded><attributes /><parts><hasparts /><ispartof /></parts><date>08-Apr-2017 05:05:00</date><id>3</id><type>bounding_box</type><polygon><username>gtc</username><pt><x>833</x><y>133</y></pt><pt><x>874</x><y>133</y></pt><pt><x>874</x><y>172</y></pt><pt><x>833</x><y>172</y></pt></polygon></object></annotation>