<annotation><filename>496.jpg</filename><folder>users/77880077//merge_new</folder><source><submittedBy>tianchengguo</submittedBy></source><imagesize><nrows>720</nrows><ncols>1280</ncols></imagesize><object><name>1</name><deleted>0</deleted><verified>0</verified><occluded>no</occluded><attributes /><parts><hasparts /><ispartof /></parts><date>02-Apr-2017 19:37:40</date><id>0</id><type>bounding_box</type><polygon><username>anonymous</username><pt><x>103</x><y>62</y></pt><pt><x>137</x><y>62</y></pt><pt><x>137</x><y>99</y></pt><pt><x>103</x><y>99</y></pt></polygon></object><object><name>1</name><deleted>0</deleted><verified>0</verified><occluded>no</occluded><attributes /><parts><hasparts /><ispartof /></parts><date>02-Apr-2017 19:37:42</date><id>1</id><type>bounding_box</type><polygon><username>anonymous</username><pt><x>306</x><y>107</y></pt><pt><x>345</x><y>107</y></pt><pt><x>345</x><y>153</y></pt><pt><x>306</x><y>153</y></pt></polygon></object><object><name>1</name><deleted>0</deleted><verified>0</verified><occluded>no</occluded><attributes /><parts><hasparts /><ispartof /></parts><date>02-Apr-2017 19:37:43</date><id>2</id><type>bounding_box</type><polygon><username>anonymous</username><pt><x>273</x><y>225</y></pt><pt><x>318</x><y>225</y></pt><pt><x>318</x><y>267</y></pt><pt><x>273</x><y>267</y></pt></polygon></object><object><name>1</name><deleted>0</deleted><verified>0</verified><occluded>no</occluded><attributes /><parts><hasparts /><ispartof /></parts><date>08-Apr-2017 05:10:43</date><id>3</id><type>bounding_box</type><polygon><username>gtc</username><pt><x>710</x><y>311</y></pt><pt><x>734</x><y>311</y></pt><pt><x>734</x><y>341</y></pt><pt><x>710</x><y>341</y></pt></polygon></object><object><name>1</name><deleted>0</deleted><verified>0</verified><occluded>no</occluded><attributes /><parts><hasparts /><ispartof /></parts><date>08-Apr-2017 05:10:49</date><id>4</id><type>bounding_box</type><polygon><username>gtc</username><pt><x>424</x><y>365</y></pt><pt><x>459</x><y>365</y></pt><pt><x>459</x><y>401</y></pt><pt><x>424</x><y>401</y></pt></polygon></object></annotation>