<annotation><filename>347.jpg</filename><folder>users/77880077//merge_new</folder><source><submittedBy>tianchengguo</submittedBy></source><imagesize><nrows>720</nrows><ncols>1280</ncols></imagesize><object><name>1</name><deleted>0</deleted><verified>0</verified><occluded>no</occluded><attributes /><parts><hasparts /><ispartof /></parts><date>02-Apr-2017 19:19:14</date><id>0</id><type>bounding_box</type><polygon><username>anonymous</username><pt><x>377</x><y>114</y></pt><pt><x>411</x><y>114</y></pt><pt><x>411</x><y>150</y></pt><pt><x>377</x><y>150</y></pt></polygon></object><object><name>1</name><deleted>0</deleted><verified>0</verified><occluded>no</occluded><attributes /><parts><hasparts /><ispartof /></parts><date>02-Apr-2017 19:19:16</date><id>1</id><type>bounding_box</type><polygon><username>anonymous</username><pt><x>449</x><y>214</y></pt><pt><x>480</x><y>214</y></pt><pt><x>480</x><y>249</y></pt><pt><x>449</x><y>249</y></pt></polygon></object><object><name>1</name><deleted>0</deleted><verified>0</verified><occluded>no</occluded><attributes /><parts><hasparts /><ispartof /></parts><date>08-Apr-2017 04:49:32</date><id>2</id><type>bounding_box</type><polygon><username>gtc</username><pt><x>711</x><y>306</y></pt><pt><x>736</x><y>306</y></pt><pt><x>736</x><y>344</y></pt><pt><x>711</x><y>344</y></pt></polygon></object><object><name>1</name><deleted>0</deleted><verified>0</verified><occluded>no</occluded><attributes /><parts><hasparts /><ispartof /></parts><date>08-Apr-2017 04:49:34</date><id>3</id><type>bounding_box</type><polygon><username>gtc</username><pt><x>920</x><y>106</y></pt><pt><x>953</x><y>106</y></pt><pt><x>953</x><y>152</y></pt><pt><x>920</x><y>152</y></pt></polygon></object></annotation>