<annotation><filename>393.jpg</filename><folder>users/77880077//merge_new</folder><source><submittedBy>tianchengguo</submittedBy></source><imagesize><nrows>720</nrows><ncols>1280</ncols></imagesize><object><name>1</name><deleted>0</deleted><verified>0</verified><occluded>no</occluded><attributes /><parts><hasparts /><ispartof /></parts><date>02-Apr-2017 19:24:48</date><id>0</id><type>bounding_box</type><polygon><username>anonymous</username><pt><x>147</x><y>170</y></pt><pt><x>180</x><y>170</y></pt><pt><x>180</x><y>204</y></pt><pt><x>147</x><y>204</y></pt></polygon></object><object><name>1</name><deleted>0</deleted><verified>0</verified><occluded>no</occluded><attributes /><parts><hasparts /><ispartof /></parts><date>02-Apr-2017 19:24:50</date><id>1</id><type>bounding_box</type><polygon><username>anonymous</username><pt><x>185</x><y>239</y></pt><pt><x>220</x><y>239</y></pt><pt><x>220</x><y>272</y></pt><pt><x>185</x><y>272</y></pt></polygon></object><object><name>1</name><deleted>0</deleted><verified>0</verified><occluded>no</occluded><attributes /><parts><hasparts /><ispartof /></parts><date>02-Apr-2017 19:24:52</date><id>2</id><type>bounding_box</type><polygon><username>anonymous</username><pt><x>1118</x><y>246</y></pt><pt><x>1150</x><y>246</y></pt><pt><x>1150</x><y>279</y></pt><pt><x>1118</x><y>279</y></pt></polygon></object><object><name>1</name><deleted>0</deleted><verified>0</verified><occluded>no</occluded><attributes /><parts><hasparts /><ispartof /></parts><date>02-Apr-2017 19:24:54</date><id>3</id><type>bounding_box</type><polygon><username>anonymous</username><pt><x>1039</x><y>334</y></pt><pt><x>1070</x><y>334</y></pt><pt><x>1070</x><y>366</y></pt><pt><x>1039</x><y>366</y></pt></polygon></object></annotation>