<annotation><filename>460.jpg</filename><folder>users/77880077//merge_new</folder><source><submittedBy>tianchengguo</submittedBy></source><imagesize><nrows>720</nrows><ncols>1280</ncols></imagesize><object><name>1</name><deleted>0</deleted><verified>0</verified><occluded>no</occluded><attributes /><parts><hasparts /><ispartof /></parts><date>02-Apr-2017 19:33:26</date><id>0</id><type>bounding_box</type><polygon><username>anonymous</username><pt><x>327</x><y>152</y></pt><pt><x>351</x><y>152</y></pt><pt><x>351</x><y>181</y></pt><pt><x>327</x><y>181</y></pt></polygon></object><object><name>1</name><deleted>0</deleted><verified>0</verified><occluded>no</occluded><attributes /><parts><hasparts /><ispartof /></parts><date>02-Apr-2017 19:33:29</date><id>1</id><type>bounding_box</type><polygon><username>anonymous</username><pt><x>682</x><y>263</y></pt><pt><x>714</x><y>263</y></pt><pt><x>714</x><y>289</y></pt><pt><x>682</x><y>289</y></pt></polygon></object><object><name>1</name><deleted>0</deleted><verified>0</verified><occluded>no</occluded><attributes /><parts><hasparts /><ispartof /></parts><date>08-Apr-2017 05:05:08</date><id>2</id><type>bounding_box</type><polygon><username>gtc</username><pt><x>260</x><y>245</y></pt><pt><x>292</x><y>245</y></pt><pt><x>292</x><y>285</y></pt><pt><x>260</x><y>285</y></pt></polygon></object></annotation>