<annotation><filename>53.jpg</filename><folder>users/77880077//merge_new</folder><source><submittedBy>tianchengguo</submittedBy></source><imagesize><nrows>720</nrows><ncols>1280</ncols></imagesize><object><name>1</name><deleted>0</deleted><verified>0</verified><occluded>no</occluded><attributes /><parts><hasparts /><ispartof /></parts><date>02-Apr-2017 18:32:19</date><id>0</id><type>bounding_box</type><polygon><username>anonymous</username><pt><x>261</x><y>150</y></pt><pt><x>302</x><y>150</y></pt><pt><x>302</x><y>193</y></pt><pt><x>261</x><y>193</y></pt></polygon></object><object><name>1</name><deleted>0</deleted><verified>0</verified><occluded>no</occluded><attributes /><parts><hasparts /><ispartof /></parts><date>08-Apr-2017 04:01:43</date><id>1</id><type>bounding_box</type><polygon><username>gtc</username><pt><x>964</x><y>335</y></pt><pt><x>991</x><y>335</y></pt><pt><x>991</x><y>366</y></pt><pt><x>964</x><y>366</y></pt></polygon></object></annotation>