<annotation><filename>450.jpg</filename><folder>users/77880077//merge_new</folder><source><submittedBy>tianchengguo</submittedBy></source><imagesize><nrows>720</nrows><ncols>1280</ncols></imagesize><object><name>1</name><deleted>0</deleted><verified>0</verified><occluded>no</occluded><attributes /><parts><hasparts /><ispartof /></parts><date>02-Apr-2017 19:32:00</date><id>0</id><type>bounding_box</type><polygon><username>anonymous</username><pt><x>376</x><y>124</y></pt><pt><x>410</x><y>124</y></pt><pt><x>410</x><y>165</y></pt><pt><x>376</x><y>165</y></pt></polygon></object><object><name>1</name><deleted>0</deleted><verified>0</verified><occluded>no</occluded><attributes /><parts><hasparts /><ispartof /></parts><date>02-Apr-2017 19:32:02</date><id>1</id><type>bounding_box</type><polygon><username>anonymous</username><pt><x>149</x><y>336</y></pt><pt><x>181</x><y>336</y></pt><pt><x>181</x><y>367</y></pt><pt><x>149</x><y>367</y></pt></polygon></object><object><name>1</name><deleted>0</deleted><verified>0</verified><occluded>no</occluded><attributes /><parts><hasparts /><ispartof /></parts><date>08-Apr-2017 05:04:05</date><id>2</id><type>bounding_box</type><polygon><username>gtc</username><pt><x>609</x><y>403</y></pt><pt><x>646</x><y>403</y></pt><pt><x>646</x><y>438</y></pt><pt><x>609</x><y>438</y></pt></polygon></object><object><name>1</name><deleted>0</deleted><verified>0</verified><occluded>no</occluded><attributes /><parts><hasparts /><ispartof /></parts><date>08-Apr-2017 05:04:07</date><id>3</id><type>bounding_box</type><polygon><username>gtc</username><pt><x>514</x><y>382</y></pt><pt><x>560</x><y>382</y></pt><pt><x>560</x><y>416</y></pt><pt><x>514</x><y>416</y></pt></polygon></object></annotation>