<annotation><filename>390.jpg</filename><folder>users/77880077//merge_new</folder><source><submittedBy>tianchengguo</submittedBy></source><imagesize><nrows>720</nrows><ncols>1280</ncols></imagesize><object><name>1</name><deleted>0</deleted><verified>0</verified><occluded>no</occluded><attributes /><parts><hasparts /><ispartof /></parts><date>02-Apr-2017 19:24:25</date><id>0</id><type>bounding_box</type><polygon><username>anonymous</username><pt><x>351</x><y>62</y></pt><pt><x>384</x><y>62</y></pt><pt><x>384</x><y>90</y></pt><pt><x>351</x><y>90</y></pt></polygon></object><object><name>1</name><deleted>0</deleted><verified>0</verified><occluded>no</occluded><attributes /><parts><hasparts /><ispartof /></parts><date>02-Apr-2017 19:24:27</date><id>1</id><type>bounding_box</type><polygon><username>anonymous</username><pt><x>550</x><y>262</y></pt><pt><x>571</x><y>262</y></pt><pt><x>571</x><y>280</y></pt><pt><x>550</x><y>280</y></pt></polygon></object><object><name>11</name><deleted>0</deleted><verified>0</verified><occluded>no</occluded><attributes /><parts><hasparts /><ispartof /></parts><date>02-Apr-2017 19:24:30</date><id>2</id><type>bounding_box</type><polygon><username>anonymous</username><pt><x>517</x><y>324</y></pt><pt><x>542</x><y>324</y></pt><pt><x>542</x><y>354</y></pt><pt><x>517</x><y>354</y></pt></polygon></object></annotation>