<annotation><filename>424.jpg</filename><folder>users/77880077//merge_new</folder><source><submittedBy>tianchengguo</submittedBy></source><imagesize><nrows>720</nrows><ncols>1280</ncols></imagesize><object><name>1</name><deleted>0</deleted><verified>0</verified><occluded>no</occluded><attributes /><parts><hasparts /><ispartof /></parts><date>02-Apr-2017 19:29:05</date><id>0</id><type>bounding_box</type><polygon><username>anonymous</username><pt><x>141</x><y>248</y></pt><pt><x>171</x><y>248</y></pt><pt><x>171</x><y>272</y></pt><pt><x>141</x><y>272</y></pt></polygon></object><object><name>1</name><deleted>0</deleted><verified>0</verified><occluded>no</occluded><attributes /><parts><hasparts /><ispartof /></parts><date>02-Apr-2017 19:29:07</date><id>1</id><type>bounding_box</type><polygon><username>anonymous</username><pt><x>1130</x><y>36</y></pt><pt><x>1164</x><y>36</y></pt><pt><x>1164</x><y>72</y></pt><pt><x>1130</x><y>72</y></pt></polygon></object><object><name>1</name><deleted>0</deleted><verified>0</verified><occluded>no</occluded><attributes /><parts><hasparts /><ispartof /></parts><date>08-Apr-2017 05:00:27</date><id>2</id><type>bounding_box</type><polygon><username>gtc</username><pt><x>1160</x><y>271</y></pt><pt><x>1186</x><y>271</y></pt><pt><x>1186</x><y>301</y></pt><pt><x>1160</x><y>301</y></pt></polygon></object><object><name>1</name><deleted>0</deleted><verified>0</verified><occluded>no</occluded><attributes /><parts><hasparts /><ispartof /></parts><date>08-Apr-2017 05:00:33</date><id>3</id><type>bounding_box</type><polygon><username>gtc</username><pt><x>519</x><y>379</y></pt><pt><x>543</x><y>379</y></pt><pt><x>543</x><y>407</y></pt><pt><x>519</x><y>407</y></pt></polygon></object><object><name>1</name><deleted>0</deleted><verified>0</verified><occluded>no</occluded><attributes /><parts><hasparts /><ispartof /></parts><date>08-Apr-2017 05:00:41</date><id>4</id><type>bounding_box</type><polygon><username>gtc</username><pt><x>1250</x><y>320</y></pt><pt><x>1274</x><y>320</y></pt><pt><x>1274</x><y>351</y></pt><pt><x>1250</x><y>351</y></pt></polygon></object></annotation>