<annotation><filename>338.jpg</filename><folder>users/77880077//merge_new</folder><source><submittedBy>tianchengguo</submittedBy></source><imagesize><nrows>720</nrows><ncols>1280</ncols></imagesize><object><name>1</name><deleted>0</deleted><verified>0</verified><occluded>no</occluded><attributes /><parts><hasparts /><ispartof /></parts><date>02-Apr-2017 19:18:06</date><id>0</id><type>bounding_box</type><polygon><username>anonymous</username><pt><x>707</x><y>88</y></pt><pt><x>738</x><y>88</y></pt><pt><x>738</x><y>117</y></pt><pt><x>707</x><y>117</y></pt></polygon></object><object><name>1</name><deleted>0</deleted><verified>0</verified><occluded>no</occluded><attributes /><parts><hasparts /><ispartof /></parts><date>02-Apr-2017 19:18:09</date><id>1</id><type>bounding_box</type><polygon><username>anonymous</username><pt><x>679</x><y>340</y></pt><pt><x>703</x><y>340</y></pt><pt><x>703</x><y>363</y></pt><pt><x>679</x><y>363</y></pt></polygon></object><object><name>1</name><deleted>0</deleted><verified>0</verified><occluded>no</occluded><attributes /><parts><hasparts /><ispartof /></parts><date>08-Apr-2017 04:48:10</date><id>2</id><type>bounding_box</type><polygon><username>gtc</username><pt><x>723</x><y>226</y></pt><pt><x>758</x><y>226</y></pt><pt><x>758</x><y>268</y></pt><pt><x>723</x><y>268</y></pt></polygon></object></annotation>