<annotation><filename>47.jpg</filename><folder>users/77880077//merge_new</folder><source><submittedBy>tianchengguo</submittedBy></source><imagesize><nrows>720</nrows><ncols>1280</ncols></imagesize><object><name>1</name><deleted>0</deleted><verified>0</verified><occluded>no</occluded><attributes /><parts><hasparts /><ispartof /></parts><date>02-Apr-2017 18:31:25</date><id>0</id><type>bounding_box</type><polygon><username>anonymous</username><pt><x>358</x><y>170</y></pt><pt><x>386</x><y>170</y></pt><pt><x>386</x><y>209</y></pt><pt><x>358</x><y>209</y></pt></polygon></object><object><name>1</name><deleted>0</deleted><verified>0</verified><occluded>no</occluded><attributes /><parts><hasparts /><ispartof /></parts><date>02-Apr-2017 18:31:27</date><id>1</id><type>bounding_box</type><polygon><username>anonymous</username><pt><x>309</x><y>304</y></pt><pt><x>345</x><y>304</y></pt><pt><x>345</x><y>342</y></pt><pt><x>309</x><y>342</y></pt></polygon></object><object><name>1</name><deleted>0</deleted><verified>0</verified><occluded>no</occluded><attributes /><parts><hasparts /><ispartof /></parts><date>02-Apr-2017 18:31:29</date><id>2</id><type>bounding_box</type><polygon><username>anonymous</username><pt><x>838</x><y>185</y></pt><pt><x>871</x><y>185</y></pt><pt><x>871</x><y>218</y></pt><pt><x>838</x><y>218</y></pt></polygon></object><object><name>1</name><deleted>0</deleted><verified>0</verified><occluded>no</occluded><attributes /><parts><hasparts /><ispartof /></parts><date>02-Apr-2017 18:31:32</date><id>3</id><type>bounding_box</type><polygon><username>anonymous</username><pt><x>868</x><y>363</y></pt><pt><x>923</x><y>363</y></pt><pt><x>923</x><y>415</y></pt><pt><x>868</x><y>415</y></pt></polygon></object><object><name>1</name><deleted>0</deleted><verified>0</verified><occluded>no</occluded><attributes /><parts><hasparts /><ispartof /></parts><date>08-Apr-2017 04:00:26</date><id>4</id><type>bounding_box</type><polygon><username>gtc</username><pt><x>1064</x><y>299</y></pt><pt><x>1096</x><y>299</y></pt><pt><x>1096</x><y>331</y></pt><pt><x>1064</x><y>331</y></pt></polygon></object></annotation>