<annotation><filename>403.jpg</filename><folder>users/77880077//merge_new</folder><source><submittedBy>tianchengguo</submittedBy></source><imagesize><nrows>720</nrows><ncols>1280</ncols></imagesize><object><name>1</name><deleted>0</deleted><verified>0</verified><occluded>no</occluded><attributes /><parts><hasparts /><ispartof /></parts><date>02-Apr-2017 19:26:02</date><id>0</id><type>bounding_box</type><polygon><username>anonymous</username><pt><x>120</x><y>93</y></pt><pt><x>147</x><y>93</y></pt><pt><x>147</x><y>127</y></pt><pt><x>120</x><y>127</y></pt></polygon></object><object><name>1</name><deleted>0</deleted><verified>0</verified><occluded>no</occluded><attributes /><parts><hasparts /><ispartof /></parts><date>02-Apr-2017 19:26:05</date><id>1</id><type>bounding_box</type><polygon><username>anonymous</username><pt><x>531</x><y>363</y></pt><pt><x>571</x><y>363</y></pt><pt><x>571</x><y>396</y></pt><pt><x>531</x><y>396</y></pt></polygon></object><object><name>1</name><deleted>0</deleted><verified>0</verified><occluded>no</occluded><attributes /><parts><hasparts /><ispartof /></parts><date>02-Apr-2017 19:26:07</date><id>2</id><type>bounding_box</type><polygon><username>anonymous</username><pt><x>802</x><y>162</y></pt><pt><x>849</x><y>162</y></pt><pt><x>849</x><y>193</y></pt><pt><x>802</x><y>193</y></pt></polygon></object><object><name>1</name><deleted>0</deleted><verified>0</verified><occluded>no</occluded><attributes /><parts><hasparts /><ispartof /></parts><date>02-Apr-2017 19:26:09</date><id>3</id><type>bounding_box</type><polygon><username>anonymous</username><pt><x>1165</x><y>353</y></pt><pt><x>1193</x><y>353</y></pt><pt><x>1193</x><y>381</y></pt><pt><x>1165</x><y>381</y></pt></polygon></object></annotation>