<annotation><filename>10.jpg</filename><folder>users/77880077//merge_new</folder><source><submittedBy>tianchengguo</submittedBy></source><imagesize><nrows>720</nrows><ncols>1280</ncols></imagesize><object><name>1</name><deleted>0</deleted><verified>0</verified><occluded>no</occluded><attributes /><parts><hasparts /><ispartof /></parts><date>02-Apr-2017 18:20:36</date><id>0</id><type>bounding_box</type><polygon><username>anonymous</username><pt><x>505</x><y>256</y></pt><pt><x>529</x><y>256</y></pt><pt><x>529</x><y>292</y></pt><pt><x>505</x><y>292</y></pt></polygon></object><object><name>1</name><deleted>0</deleted><verified>0</verified><occluded>no</occluded><attributes /><parts><hasparts /><ispartof /></parts><date>02-Apr-2017 18:20:39</date><id>1</id><type>bounding_box</type><polygon><username>anonymous</username><pt><x>703</x><y>406</y></pt><pt><x>736</x><y>406</y></pt><pt><x>736</x><y>441</y></pt><pt><x>703</x><y>441</y></pt></polygon></object><object><name>1</name><deleted>0</deleted><verified>0</verified><occluded>no</occluded><attributes /><parts><hasparts /><ispartof /></parts><date>02-Apr-2017 18:20:42</date><id>2</id><type>bounding_box</type><polygon><username>anonymous</username><pt><x>903</x><y>188</y></pt><pt><x>947</x><y>188</y></pt><pt><x>947</x><y>224</y></pt><pt><x>903</x><y>224</y></pt></polygon></object><object><name>1</name><deleted>0</deleted><verified>0</verified><occluded>no</occluded><attributes /><parts><hasparts /><ispartof /></parts><date>02-Apr-2017 18:20:48</date><id>3</id><type>bounding_box</type><polygon><username>anonymous</username><pt><x>107</x><y>397</y></pt><pt><x>132</x><y>397</y></pt><pt><x>132</x><y>423</y></pt><pt><x>107</x><y>423</y></pt></polygon></object></annotation>