<annotation><filename>346.jpg</filename><folder>users/77880077//merge_new</folder><source><submittedBy>tianchengguo</submittedBy></source><imagesize><nrows>720</nrows><ncols>1280</ncols></imagesize><object><name>1</name><deleted>0</deleted><verified>0</verified><occluded>no</occluded><attributes /><parts><hasparts /><ispartof /></parts><date>02-Apr-2017 19:19:09</date><id>0</id><type>bounding_box</type><polygon><username>anonymous</username><pt><x>472</x><y>316</y></pt><pt><x>506</x><y>316</y></pt><pt><x>506</x><y>353</y></pt><pt><x>472</x><y>353</y></pt></polygon></object><object><name>1</name><deleted>0</deleted><verified>0</verified><occluded>no</occluded><attributes /><parts><hasparts /><ispartof /></parts><date>02-Apr-2017 19:19:11</date><id>1</id><type>bounding_box</type><polygon><username>anonymous</username><pt><x>986</x><y>123</y></pt><pt><x>1005</x><y>123</y></pt><pt><x>1005</x><y>159</y></pt><pt><x>986</x><y>159</y></pt></polygon></object><object><name>1</name><deleted>0</deleted><verified>0</verified><occluded>no</occluded><attributes /><parts><hasparts /><ispartof /></parts><date>08-Apr-2017 04:49:24</date><id>2</id><type>bounding_box</type><polygon><username>gtc</username><pt><x>191</x><y>411</y></pt><pt><x>223</x><y>411</y></pt><pt><x>223</x><y>433</y></pt><pt><x>191</x><y>433</y></pt></polygon></object></annotation>