<annotation><filename>445.jpg</filename><folder>users/77880077//merge_new</folder><source><submittedBy>tianchengguo</submittedBy></source><imagesize><nrows>720</nrows><ncols>1280</ncols></imagesize><object><name>1</name><deleted>0</deleted><verified>0</verified><occluded>no</occluded><attributes /><parts><hasparts /><ispartof /></parts><date>02-Apr-2017 19:31:20</date><id>0</id><type>bounding_box</type><polygon><username>anonymous</username><pt><x>1036</x><y>195</y></pt><pt><x>1061</x><y>195</y></pt><pt><x>1061</x><y>223</y></pt><pt><x>1036</x><y>223</y></pt></polygon></object><object><name>1</name><deleted>0</deleted><verified>0</verified><occluded>no</occluded><attributes /><parts><hasparts /><ispartof /></parts><date>02-Apr-2017 19:31:22</date><id>1</id><type>bounding_box</type><polygon><username>anonymous</username><pt><x>1073</x><y>254</y></pt><pt><x>1099</x><y>254</y></pt><pt><x>1099</x><y>279</y></pt><pt><x>1073</x><y>279</y></pt></polygon></object><object><name>1</name><deleted>0</deleted><verified>0</verified><occluded>no</occluded><attributes /><parts><hasparts /><ispartof /></parts><date>02-Apr-2017 19:31:24</date><id>2</id><type>bounding_box</type><polygon><username>anonymous</username><pt><x>1107</x><y>333</y></pt><pt><x>1141</x><y>333</y></pt><pt><x>1141</x><y>366</y></pt><pt><x>1107</x><y>366</y></pt></polygon></object></annotation>