<annotation><filename>426.jpg</filename><folder>users/77880077//merge_new</folder><source><submittedBy>tianchengguo</submittedBy></source><imagesize><nrows>720</nrows><ncols>1280</ncols></imagesize><object><name>1</name><deleted>0</deleted><verified>0</verified><occluded>no</occluded><attributes /><parts><hasparts /><ispartof /></parts><date>02-Apr-2017 19:29:14</date><id>0</id><type>bounding_box</type><polygon><username>anonymous</username><pt><x>225</x><y>307</y></pt><pt><x>249</x><y>307</y></pt><pt><x>249</x><y>328</y></pt><pt><x>225</x><y>328</y></pt></polygon></object><object><name>1</name><deleted>0</deleted><verified>0</verified><occluded>no</occluded><attributes /><parts><hasparts /><ispartof /></parts><date>02-Apr-2017 19:29:16</date><id>1</id><type>bounding_box</type><polygon><username>anonymous</username><pt><x>91</x><y>420</y></pt><pt><x>122</x><y>420</y></pt><pt><x>122</x><y>449</y></pt><pt><x>91</x><y>449</y></pt></polygon></object></annotation>