<annotation><filename>476.jpg</filename><folder>users/77880077//merge_new</folder><source><submittedBy>tianchengguo</submittedBy></source><imagesize><nrows>720</nrows><ncols>1280</ncols></imagesize><object><name>1</name><deleted>0</deleted><verified>0</verified><occluded>no</occluded><attributes /><parts><hasparts /><ispartof /></parts><date>02-Apr-2017 19:35:19</date><id>0</id><type>bounding_box</type><polygon><username>anonymous</username><pt><x>649</x><y>190</y></pt><pt><x>682</x><y>190</y></pt><pt><x>682</x><y>231</y></pt><pt><x>649</x><y>231</y></pt></polygon></object><object><name>1</name><deleted>0</deleted><verified>0</verified><occluded>no</occluded><attributes /><parts><hasparts /><ispartof /></parts><date>08-Apr-2017 05:07:53</date><id>1</id><type>bounding_box</type><polygon><username>gtc</username><pt><x>961</x><y>330</y></pt><pt><x>988</x><y>330</y></pt><pt><x>988</x><y>366</y></pt><pt><x>961</x><y>366</y></pt></polygon></object><object><name>1</name><deleted>0</deleted><verified>0</verified><occluded>no</occluded><attributes /><parts><hasparts /><ispartof /></parts><date>08-Apr-2017 05:07:57</date><id>2</id><type>bounding_box</type><polygon><username>gtc</username><pt><x>1125</x><y>231</y></pt><pt><x>1157</x><y>231</y></pt><pt><x>1157</x><y>268</y></pt><pt><x>1125</x><y>268</y></pt></polygon></object></annotation>