<annotation><filename>337.jpg</filename><folder>users/77880077//merge_new</folder><source><submittedBy>tianchengguo</submittedBy></source><imagesize><nrows>720</nrows><ncols>1280</ncols></imagesize><object><name>1</name><deleted>0</deleted><verified>0</verified><occluded>no</occluded><attributes /><parts><hasparts /><ispartof /></parts><date>02-Apr-2017 19:17:58</date><id>0</id><type>bounding_box</type><polygon><username>anonymous</username><pt><x>208</x><y>218</y></pt><pt><x>240</x><y>218</y></pt><pt><x>240</x><y>252</y></pt><pt><x>208</x><y>252</y></pt></polygon></object><object><name>1</name><deleted>0</deleted><verified>0</verified><occluded>no</occluded><attributes /><parts><hasparts /><ispartof /></parts><date>02-Apr-2017 19:18:00</date><id>1</id><type>bounding_box</type><polygon><username>anonymous</username><pt><x>744</x><y>318</y></pt><pt><x>779</x><y>318</y></pt><pt><x>779</x><y>352</y></pt><pt><x>744</x><y>352</y></pt></polygon></object><object><name>1</name><deleted>0</deleted><verified>0</verified><occluded>no</occluded><attributes /><parts><hasparts /><ispartof /></parts><date>02-Apr-2017 19:18:02</date><id>2</id><type>bounding_box</type><polygon><username>anonymous</username><pt><x>1066</x><y>198</y></pt><pt><x>1083</x><y>198</y></pt><pt><x>1083</x><y>227</y></pt><pt><x>1066</x><y>227</y></pt></polygon></object></annotation>