<annotation><filename>23.jpg</filename><folder>users/77880077//merge_new</folder><source><submittedBy>tianchengguo</submittedBy></source><imagesize><nrows>720</nrows><ncols>1280</ncols></imagesize><object><name>1</name><deleted>0</deleted><verified>0</verified><occluded>no</occluded><attributes /><parts><hasparts /><ispartof /></parts><date>02-Apr-2017 18:23:54</date><id>0</id><type>bounding_box</type><polygon><username>anonymous</username><pt><x>406</x><y>309</y></pt><pt><x>443</x><y>309</y></pt><pt><x>443</x><y>355</y></pt><pt><x>406</x><y>355</y></pt></polygon></object><object><name>1</name><deleted>0</deleted><verified>0</verified><occluded>no</occluded><attributes /><parts><hasparts /><ispartof /></parts><date>02-Apr-2017 18:23:57</date><id>1</id><type>bounding_box</type><polygon><username>anonymous</username><pt><x>1128</x><y>107</y></pt><pt><x>1162</x><y>107</y></pt><pt><x>1162</x><y>144</y></pt><pt><x>1128</x><y>144</y></pt></polygon></object><object><name>1</name><deleted>0</deleted><verified>0</verified><occluded>no</occluded><attributes /><parts><hasparts /><ispartof /></parts><date>08-Apr-2017 03:55:48</date><id>2</id><type>bounding_box</type><polygon><username>gtc</username><pt><x>584</x><y>191</y></pt><pt><x>619</x><y>191</y></pt><pt><x>619</x><y>229</y></pt><pt><x>584</x><y>229</y></pt></polygon></object></annotation>