<annotation><filename>461.jpg</filename><folder>users/77880077//merge_new</folder><source><submittedBy>tianchengguo</submittedBy></source><imagesize><nrows>720</nrows><ncols>1280</ncols></imagesize><object><name>1</name><deleted>0</deleted><verified>0</verified><occluded>no</occluded><attributes /><parts><hasparts /><ispartof /></parts><date>02-Apr-2017 19:33:32</date><id>0</id><type>bounding_box</type><polygon><username>anonymous</username><pt><x>541</x><y>201</y></pt><pt><x>573</x><y>201</y></pt><pt><x>573</x><y>228</y></pt><pt><x>541</x><y>228</y></pt></polygon></object><object><name>1</name><deleted>0</deleted><verified>0</verified><occluded>no</occluded><attributes /><parts><hasparts /><ispartof /></parts><date>02-Apr-2017 19:33:34</date><id>1</id><type>bounding_box</type><polygon><username>anonymous</username><pt><x>739</x><y>99</y></pt><pt><x>768</x><y>99</y></pt><pt><x>768</x><y>131</y></pt><pt><x>739</x><y>131</y></pt></polygon></object><object><name>1</name><deleted>0</deleted><verified>0</verified><occluded>no</occluded><attributes /><parts><hasparts /><ispartof /></parts><date>08-Apr-2017 05:05:17</date><id>2</id><type>bounding_box</type><polygon><username>gtc</username><pt><x>732</x><y>225</y></pt><pt><x>760</x><y>225</y></pt><pt><x>760</x><y>262</y></pt><pt><x>732</x><y>262</y></pt></polygon></object><object><name>1</name><deleted>0</deleted><verified>0</verified><occluded>no</occluded><attributes /><parts><hasparts /><ispartof /></parts><date>08-Apr-2017 05:05:21</date><id>3</id><type>bounding_box</type><polygon><username>gtc</username><pt><x>394</x><y>11</y></pt><pt><x>432</x><y>11</y></pt><pt><x>432</x><y>55</y></pt><pt><x>394</x><y>55</y></pt></polygon></object></annotation>