<annotation><filename>399.jpg</filename><folder>users/77880077//merge_new</folder><source><submittedBy>tianchengguo</submittedBy></source><imagesize><nrows>720</nrows><ncols>1280</ncols></imagesize><object><name>1</name><deleted>0</deleted><verified>0</verified><occluded>no</occluded><attributes /><parts><hasparts /><ispartof /></parts><date>02-Apr-2017 19:25:35</date><id>0</id><type>bounding_box</type><polygon><username>anonymous</username><pt><x>337</x><y>79</y></pt><pt><x>366</x><y>79</y></pt><pt><x>366</x><y>109</y></pt><pt><x>337</x><y>109</y></pt></polygon></object><object><name>1</name><deleted>0</deleted><verified>0</verified><occluded>no</occluded><attributes /><parts><hasparts /><ispartof /></parts><date>02-Apr-2017 19:25:37</date><id>1</id><type>bounding_box</type><polygon><username>anonymous</username><pt><x>606</x><y>107</y></pt><pt><x>640</x><y>107</y></pt><pt><x>640</x><y>136</y></pt><pt><x>606</x><y>136</y></pt></polygon></object><object><name>1</name><deleted>0</deleted><verified>0</verified><occluded>no</occluded><attributes /><parts><hasparts /><ispartof /></parts><date>02-Apr-2017 19:25:40</date><id>2</id><type>bounding_box</type><polygon><username>anonymous</username><pt><x>1115</x><y>118</y></pt><pt><x>1135</x><y>118</y></pt><pt><x>1135</x><y>142</y></pt><pt><x>1115</x><y>142</y></pt></polygon></object><object><name>1</name><deleted>0</deleted><verified>0</verified><occluded>no</occluded><attributes /><parts><hasparts /><ispartof /></parts><date>02-Apr-2017 19:25:44</date><id>3</id><type>bounding_box</type><polygon><username>anonymous</username><pt><x>1151</x><y>336</y></pt><pt><x>1174</x><y>336</y></pt><pt><x>1174</x><y>366</y></pt><pt><x>1151</x><y>366</y></pt></polygon></object></annotation>