<annotation><filename>368.jpg</filename><folder>users/77880077//merge_new</folder><source><submittedBy>tianchengguo</submittedBy></source><imagesize><nrows>720</nrows><ncols>1280</ncols></imagesize><object><name>1</name><deleted>0</deleted><verified>0</verified><occluded>no</occluded><attributes /><parts><hasparts /><ispartof /></parts><date>02-Apr-2017 19:21:43</date><id>0</id><type>bounding_box</type><polygon><username>anonymous</username><pt><x>206</x><y>62</y></pt><pt><x>238</x><y>62</y></pt><pt><x>238</x><y>100</y></pt><pt><x>206</x><y>100</y></pt></polygon></object><object><name>1</name><deleted>0</deleted><verified>0</verified><occluded>no</occluded><attributes /><parts><hasparts /><ispartof /></parts><date>02-Apr-2017 19:21:45</date><id>1</id><type>bounding_box</type><polygon><username>anonymous</username><pt><x>260</x><y>154</y></pt><pt><x>290</x><y>154</y></pt><pt><x>290</x><y>175</y></pt><pt><x>260</x><y>175</y></pt></polygon></object><object><name>1</name><deleted>0</deleted><verified>0</verified><occluded>no</occluded><attributes /><parts><hasparts /><ispartof /></parts><date>08-Apr-2017 04:52:35</date><id>2</id><type>bounding_box</type><polygon><username>gtc</username><pt><x>905</x><y>138</y></pt><pt><x>951</x><y>138</y></pt><pt><x>951</x><y>181</y></pt><pt><x>905</x><y>181</y></pt></polygon></object><object><name>1</name><deleted>0</deleted><verified>0</verified><occluded>no</occluded><attributes /><parts><hasparts /><ispartof /></parts><date>08-Apr-2017 04:52:39</date><id>3</id><type>bounding_box</type><polygon><username>gtc</username><pt><x>924</x><y>95</y></pt><pt><x>967</x><y>95</y></pt><pt><x>967</x><y>133</y></pt><pt><x>924</x><y>133</y></pt></polygon></object></annotation>