<annotation><filename>334.jpg</filename><folder>users/77880077//merge_new</folder><source><submittedBy>tianchengguo</submittedBy></source><imagesize><nrows>720</nrows><ncols>1280</ncols></imagesize><object><name>1</name><deleted>0</deleted><verified>0</verified><occluded>no</occluded><attributes /><parts><hasparts /><ispartof /></parts><date>02-Apr-2017 19:17:38</date><id>0</id><type>bounding_box</type><polygon><username>anonymous</username><pt><x>453</x><y>59</y></pt><pt><x>485</x><y>59</y></pt><pt><x>485</x><y>83</y></pt><pt><x>453</x><y>83</y></pt></polygon></object><object><name>1</name><deleted>0</deleted><verified>0</verified><occluded>no</occluded><attributes /><parts><hasparts /><ispartof /></parts><date>02-Apr-2017 19:17:41</date><id>1</id><type>bounding_box</type><polygon><username>anonymous</username><pt><x>345</x><y>207</y></pt><pt><x>371</x><y>207</y></pt><pt><x>371</x><y>246</y></pt><pt><x>345</x><y>246</y></pt></polygon></object><object><name>1</name><deleted>0</deleted><verified>0</verified><occluded>no</occluded><attributes /><parts><hasparts /><ispartof /></parts><date>08-Apr-2017 04:47:45</date><id>2</id><type>bounding_box</type><polygon><username>gtc</username><pt><x>706</x><y>309</y></pt><pt><x>737</x><y>309</y></pt><pt><x>737</x><y>335</y></pt><pt><x>706</x><y>335</y></pt></polygon></object><object><name>1</name><deleted>0</deleted><verified>0</verified><occluded>no</occluded><attributes /><parts><hasparts /><ispartof /></parts><date>08-Apr-2017 04:47:51</date><id>3</id><type>bounding_box</type><polygon><username>gtc</username><pt><x>881</x><y>333</y></pt><pt><x>913</x><y>333</y></pt><pt><x>913</x><y>369</y></pt><pt><x>881</x><y>369</y></pt></polygon></object></annotation>