<annotation><filename>404.jpg</filename><folder>users/77880077//merge_new</folder><source><submittedBy>tianchengguo</submittedBy></source><imagesize><nrows>720</nrows><ncols>1280</ncols></imagesize><object><name>1</name><deleted>0</deleted><verified>0</verified><occluded>no</occluded><attributes /><parts><hasparts /><ispartof /></parts><date>02-Apr-2017 19:26:12</date><id>0</id><type>bounding_box</type><polygon><username>anonymous</username><pt><x>599</x><y>167</y></pt><pt><x>620</x><y>167</y></pt><pt><x>620</x><y>187</y></pt><pt><x>599</x><y>187</y></pt></polygon></object><object><name>1</name><deleted>0</deleted><verified>0</verified><occluded>no</occluded><attributes /><parts><hasparts /><ispartof /></parts><date>02-Apr-2017 19:26:14</date><id>1</id><type>bounding_box</type><polygon><username>anonymous</username><pt><x>1003</x><y>128</y></pt><pt><x>1028</x><y>128</y></pt><pt><x>1028</x><y>159</y></pt><pt><x>1003</x><y>159</y></pt></polygon></object><object><name>1</name><deleted>0</deleted><verified>0</verified><occluded>no</occluded><attributes /><parts><hasparts /><ispartof /></parts><date>08-Apr-2017 04:57:06</date><id>2</id><type>bounding_box</type><polygon><username>gtc</username><pt><x>711</x><y>305</y></pt><pt><x>736</x><y>305</y></pt><pt><x>736</x><y>346</y></pt><pt><x>711</x><y>346</y></pt></polygon></object></annotation>