<annotation><filename>488.jpg</filename><folder>users/77880077//merge_new</folder><source><submittedBy>tianchengguo</submittedBy></source><imagesize><nrows>720</nrows><ncols>1280</ncols></imagesize><object><name>1</name><deleted>0</deleted><verified>0</verified><occluded>no</occluded><attributes /><parts><hasparts /><ispartof /></parts><date>02-Apr-2017 19:36:45</date><id>0</id><type>bounding_box</type><polygon><username>anonymous</username><pt><x>618</x><y>120</y></pt><pt><x>654</x><y>120</y></pt><pt><x>654</x><y>162</y></pt><pt><x>618</x><y>162</y></pt></polygon></object><object><name>1</name><deleted>0</deleted><verified>0</verified><occluded>no</occluded><attributes /><parts><hasparts /><ispartof /></parts><date>02-Apr-2017 19:36:47</date><id>1</id><type>bounding_box</type><polygon><username>anonymous</username><pt><x>775</x><y>162</y></pt><pt><x>798</x><y>162</y></pt><pt><x>798</x><y>198</y></pt><pt><x>775</x><y>198</y></pt></polygon></object><object><name>1</name><deleted>0</deleted><verified>0</verified><occluded>no</occluded><attributes /><parts><hasparts /><ispartof /></parts><date>08-Apr-2017 05:09:40</date><id>2</id><type>bounding_box</type><polygon><username>gtc</username><pt><x>720</x><y>309</y></pt><pt><x>749</x><y>309</y></pt><pt><x>749</x><y>342</y></pt><pt><x>720</x><y>342</y></pt></polygon></object><object><name>1</name><deleted>0</deleted><verified>0</verified><occluded>no</occluded><attributes /><parts><hasparts /><ispartof /></parts><date>08-Apr-2017 05:09:43</date><id>3</id><type>bounding_box</type><polygon><username>gtc</username><pt><x>892</x><y>335</y></pt><pt><x>926</x><y>335</y></pt><pt><x>926</x><y>369</y></pt><pt><x>892</x><y>369</y></pt></polygon></object></annotation>