<annotation><filename>421.jpg</filename><folder>users/77880077//merge_new</folder><source><submittedBy>tianchengguo</submittedBy></source><imagesize><nrows>720</nrows><ncols>1280</ncols></imagesize><object><name>1</name><deleted>0</deleted><verified>0</verified><occluded>no</occluded><attributes /><parts><hasparts /><ispartof /></parts><date>02-Apr-2017 19:28:27</date><id>0</id><type>bounding_box</type><polygon><username>anonymous</username><pt><x>537</x><y>311</y></pt><pt><x>571</x><y>311</y></pt><pt><x>571</x><y>349</y></pt><pt><x>537</x><y>349</y></pt></polygon></object><object><name>1</name><deleted>0</deleted><verified>0</verified><occluded>no</occluded><attributes /><parts><hasparts /><ispartof /></parts><date>02-Apr-2017 19:28:29</date><id>1</id><type>bounding_box</type><polygon><username>anonymous</username><pt><x>1029</x><y>209</y></pt><pt><x>1068</x><y>209</y></pt><pt><x>1068</x><y>240</y></pt><pt><x>1029</x><y>240</y></pt></polygon></object><object><name>1</name><deleted>0</deleted><verified>0</verified><occluded>no</occluded><attributes /><parts><hasparts /><ispartof /></parts><date>02-Apr-2017 19:28:33</date><id>2</id><type>bounding_box</type><polygon><username>anonymous</username><pt><x>851</x><y>144</y></pt><pt><x>872</x><y>144</y></pt><pt><x>872</x><y>163</y></pt><pt><x>851</x><y>163</y></pt></polygon></object><object><name>1</name><deleted>0</deleted><verified>0</verified><occluded>no</occluded><attributes /><parts><hasparts /><ispartof /></parts><date>02-Apr-2017 19:28:38</date><id>3</id><type>bounding_box</type><polygon><username>anonymous</username><pt><x>784</x><y>430</y></pt><pt><x>810</x><y>430</y></pt><pt><x>810</x><y>457</y></pt><pt><x>784</x><y>457</y></pt></polygon></object></annotation>