<annotation><filename>351.jpg</filename><folder>users/77880077//merge_new</folder><source><submittedBy>tianchengguo</submittedBy></source><imagesize><nrows>720</nrows><ncols>1280</ncols></imagesize><object><name>1</name><deleted>0</deleted><verified>0</verified><occluded>no</occluded><attributes /><parts><hasparts /><ispartof /></parts><date>02-Apr-2017 19:19:46</date><id>0</id><type>bounding_box</type><polygon><username>anonymous</username><pt><x>106</x><y>75</y></pt><pt><x>137</x><y>75</y></pt><pt><x>137</x><y>106</y></pt><pt><x>106</x><y>106</y></pt></polygon></object><object><name>1</name><deleted>0</deleted><verified>0</verified><occluded>no</occluded><attributes /><parts><hasparts /><ispartof /></parts><date>02-Apr-2017 19:19:49</date><id>1</id><type>bounding_box</type><polygon><username>anonymous</username><pt><x>946</x><y>330</y></pt><pt><x>979</x><y>330</y></pt><pt><x>979</x><y>355</y></pt><pt><x>946</x><y>355</y></pt></polygon></object><object><name>1</name><deleted>0</deleted><verified>0</verified><occluded>no</occluded><attributes /><parts><hasparts /><ispartof /></parts><date>08-Apr-2017 04:49:58</date><id>2</id><type>bounding_box</type><polygon><username>gtc</username><pt><x>412</x><y>365</y></pt><pt><x>447</x><y>365</y></pt><pt><x>447</x><y>400</y></pt><pt><x>412</x><y>400</y></pt></polygon></object><object><name>1</name><deleted>0</deleted><verified>0</verified><occluded>no</occluded><attributes /><parts><hasparts /><ispartof /></parts><date>08-Apr-2017 04:50:03</date><id>3</id><type>bounding_box</type><polygon><username>gtc</username><pt><x>705</x><y>303</y></pt><pt><x>739</x><y>303</y></pt><pt><x>739</x><y>341</y></pt><pt><x>705</x><y>341</y></pt></polygon></object></annotation>