<annotation><filename>452.jpg</filename><folder>users/77880077//merge_new</folder><source><submittedBy>tianchengguo</submittedBy></source><imagesize><nrows>720</nrows><ncols>1280</ncols></imagesize><object><name>1</name><deleted>0</deleted><verified>0</verified><occluded>no</occluded><attributes /><parts><hasparts /><ispartof /></parts><date>02-Apr-2017 19:32:19</date><id>0</id><type>bounding_box</type><polygon><username>anonymous</username><pt><x>436</x><y>431</y></pt><pt><x>466</x><y>431</y></pt><pt><x>466</x><y>467</y></pt><pt><x>436</x><y>467</y></pt></polygon></object><object><name>1</name><deleted>0</deleted><verified>0</verified><occluded>no</occluded><attributes /><parts><hasparts /><ispartof /></parts><date>08-Apr-2017 05:04:18</date><id>1</id><type>bounding_box</type><polygon><username>gtc</username><pt><x>1242</x><y>100</y></pt><pt><x>1273</x><y>100</y></pt><pt><x>1273</x><y>141</y></pt><pt><x>1242</x><y>141</y></pt></polygon></object></annotation>