<annotation><filename>500.jpg</filename><folder>users/77880077//merge_new</folder><source><submittedBy>tianchengguo</submittedBy></source><imagesize><nrows>720</nrows><ncols>1280</ncols></imagesize><object><name>1</name><deleted>0</deleted><verified>0</verified><occluded>no</occluded><attributes /><parts><hasparts /><ispartof /></parts><date>02-Apr-2017 19:38:17</date><id>0</id><type>bounding_box</type><polygon><username>anonymous</username><pt><x>436</x><y>248</y></pt><pt><x>480</x><y>248</y></pt><pt><x>480</x><y>288</y></pt><pt><x>436</x><y>288</y></pt></polygon></object><object><name>1</name><deleted>0</deleted><verified>0</verified><occluded>no</occluded><attributes /><parts><hasparts /><ispartof /></parts><date>02-Apr-2017 19:38:19</date><id>1</id><type>bounding_box</type><polygon><username>anonymous</username><pt><x>135</x><y>45</y></pt><pt><x>165</x><y>45</y></pt><pt><x>165</x><y>76</y></pt><pt><x>135</x><y>76</y></pt></polygon></object><object><name>1</name><deleted>0</deleted><verified>0</verified><occluded>no</occluded><attributes /><parts><hasparts /><ispartof /></parts><date>08-Apr-2017 05:11:15</date><id>2</id><type>bounding_box</type><polygon><username>gtc</username><pt><x>448</x><y>168</y></pt><pt><x>485</x><y>168</y></pt><pt><x>485</x><y>214</y></pt><pt><x>448</x><y>214</y></pt></polygon></object><object><name>1</name><deleted>0</deleted><verified>0</verified><occluded>no</occluded><attributes /><parts><hasparts /><ispartof /></parts><date>08-Apr-2017 05:11:17</date><id>3</id><type>bounding_box</type><polygon><username>gtc</username><pt><x>604</x><y>390</y></pt><pt><x>651</x><y>390</y></pt><pt><x>651</x><y>438</y></pt><pt><x>604</x><y>438</y></pt></polygon></object><object><name>1</name><deleted>0</deleted><verified>0</verified><occluded>no</occluded><attributes /><parts><hasparts /><ispartof /></parts><date>08-Apr-2017 05:11:23</date><id>4</id><type>bounding_box</type><polygon><username>gtc</username><pt><x>508</x><y>300</y></pt><pt><x>571</x><y>300</y></pt><pt><x>571</x><y>342</y></pt><pt><x>508</x><y>342</y></pt></polygon></object></annotation>