<annotation><filename>5.jpg</filename><folder>users/77880077//merge_new</folder><source><submittedBy>tianchengguo</submittedBy></source><imagesize><nrows>720</nrows><ncols>1280</ncols></imagesize><object><name>1</name><deleted>0</deleted><verified>0</verified><occluded>no</occluded><attributes /><parts><hasparts /><ispartof /></parts><date>02-Apr-2017 18:19:18</date><id>0</id><type>bounding_box</type><polygon><username>anonymous</username><pt><x>385</x><y>239</y></pt><pt><x>420</x><y>239</y></pt><pt><x>420</x><y>272</y></pt><pt><x>385</x><y>272</y></pt></polygon></object><object><name>1</name><deleted>0</deleted><verified>0</verified><occluded>no</occluded><attributes /><parts><hasparts /><ispartof /></parts><date>02-Apr-2017 18:19:22</date><id>1</id><type>bounding_box</type><polygon><username>anonymous</username><pt><x>307</x><y>88</y></pt><pt><x>342</x><y>88</y></pt><pt><x>342</x><y>123</y></pt><pt><x>307</x><y>123</y></pt></polygon></object><object><name>1</name><deleted>0</deleted><verified>0</verified><occluded>no</occluded><attributes /><parts><hasparts /><ispartof /></parts><date>08-Apr-2017 03:51:52</date><id>2</id><type>bounding_box</type><polygon><username>gtc</username><pt><x>914</x><y>25</y></pt><pt><x>951</x><y>25</y></pt><pt><x>951</x><y>63</y></pt><pt><x>914</x><y>63</y></pt></polygon></object></annotation>