<annotation><filename>440.jpg</filename><folder>users/77880077//merge_new</folder><source><submittedBy>tianchengguo</submittedBy></source><imagesize><nrows>720</nrows><ncols>1280</ncols></imagesize><object><name>1</name><deleted>0</deleted><verified>0</verified><occluded>no</occluded><attributes /><parts><hasparts /><ispartof /></parts><date>02-Apr-2017 19:30:51</date><id>0</id><type>bounding_box</type><polygon><username>anonymous</username><pt><x>176</x><y>100</y></pt><pt><x>208</x><y>100</y></pt><pt><x>208</x><y>133</y></pt><pt><x>176</x><y>133</y></pt></polygon></object><object><name>1</name><deleted>0</deleted><verified>0</verified><occluded>no</occluded><attributes /><parts><hasparts /><ispartof /></parts><date>02-Apr-2017 19:30:53</date><id>1</id><type>bounding_box</type><polygon><username>anonymous</username><pt><x>167</x><y>218</y></pt><pt><x>192</x><y>218</y></pt><pt><x>192</x><y>258</y></pt><pt><x>167</x><y>258</y></pt></polygon></object><object><name>1</name><deleted>0</deleted><verified>0</verified><occluded>no</occluded><attributes /><parts><hasparts /><ispartof /></parts><date>08-Apr-2017 05:02:46</date><id>2</id><type>bounding_box</type><polygon><username>gtc</username><pt><x>701</x><y>309</y></pt><pt><x>737</x><y>309</y></pt><pt><x>737</x><y>344</y></pt><pt><x>701</x><y>344</y></pt></polygon></object></annotation>