<annotation><filename>353.jpg</filename><folder>users/77880077//merge_new</folder><source><submittedBy>tianchengguo</submittedBy></source><imagesize><nrows>720</nrows><ncols>1280</ncols></imagesize><object><name>1</name><deleted>0</deleted><verified>0</verified><occluded>no</occluded><attributes /><parts><hasparts /><ispartof /></parts><date>02-Apr-2017 19:20:01</date><id>0</id><type>bounding_box</type><polygon><username>anonymous</username><pt><x>366</x><y>279</y></pt><pt><x>396</x><y>279</y></pt><pt><x>396</x><y>298</y></pt><pt><x>366</x><y>298</y></pt></polygon></object><object><name>1</name><deleted>0</deleted><verified>0</verified><occluded>no</occluded><attributes /><parts><hasparts /><ispartof /></parts><date>02-Apr-2017 19:20:04</date><id>1</id><type>bounding_box</type><polygon><username>anonymous</username><pt><x>974</x><y>296</y></pt><pt><x>995</x><y>296</y></pt><pt><x>995</x><y>318</y></pt><pt><x>974</x><y>318</y></pt></polygon></object><object><name>1</name><deleted>0</deleted><verified>0</verified><occluded>no</occluded><attributes /><parts><hasparts /><ispartof /></parts><date>08-Apr-2017 04:50:13</date><id>2</id><type>bounding_box</type><polygon><username>gtc</username><pt><x>475</x><y>371</y></pt><pt><x>507</x><y>371</y></pt><pt><x>507</x><y>401</y></pt><pt><x>475</x><y>401</y></pt></polygon></object><object><name>1</name><deleted>0</deleted><verified>0</verified><occluded>no</occluded><attributes /><parts><hasparts /><ispartof /></parts><date>08-Apr-2017 04:50:17</date><id>3</id><type>bounding_box</type><polygon><username>gtc</username><pt><x>556</x><y>381</y></pt><pt><x>582</x><y>381</y></pt><pt><x>582</x><y>411</y></pt><pt><x>556</x><y>411</y></pt></polygon></object></annotation>