<annotation><filename>491.jpg</filename><folder>users/77880077//merge_new</folder><source><submittedBy>tianchengguo</submittedBy></source><imagesize><nrows>720</nrows><ncols>1280</ncols></imagesize><object><name>1</name><deleted>0</deleted><verified>0</verified><occluded>no</occluded><attributes /><parts><hasparts /><ispartof /></parts><date>02-Apr-2017 19:37:02</date><id>0</id><type>bounding_box</type><polygon><username>anonymous</username><pt><x>200</x><y>239</y></pt><pt><x>232</x><y>239</y></pt><pt><x>232</x><y>279</y></pt><pt><x>200</x><y>279</y></pt></polygon></object><object><name>1</name><deleted>0</deleted><verified>0</verified><occluded>no</occluded><attributes /><parts><hasparts /><ispartof /></parts><date>02-Apr-2017 19:37:04</date><id>1</id><type>bounding_box</type><polygon><username>anonymous</username><pt><x>185</x><y>402</y></pt><pt><x>206</x><y>402</y></pt><pt><x>206</x><y>428</y></pt><pt><x>185</x><y>428</y></pt></polygon></object><object><name>1</name><deleted>0</deleted><verified>0</verified><occluded>no</occluded><attributes /><parts><hasparts /><ispartof /></parts><date>02-Apr-2017 19:37:05</date><id>2</id><type>bounding_box</type><polygon><username>anonymous</username><pt><x>21</x><y>304</y></pt><pt><x>67</x><y>304</y></pt><pt><x>67</x><y>350</y></pt><pt><x>21</x><y>350</y></pt></polygon></object><object><name>1</name><deleted>0</deleted><verified>0</verified><occluded>no</occluded><attributes /><parts><hasparts /><ispartof /></parts><date>02-Apr-2017 19:37:08</date><id>3</id><type>bounding_box</type><polygon><username>anonymous</username><pt><x>130</x><y>96</y></pt><pt><x>163</x><y>96</y></pt><pt><x>163</x><y>133</y></pt><pt><x>130</x><y>133</y></pt></polygon></object><object><name>1</name><deleted>0</deleted><verified>0</verified><occluded>no</occluded><attributes /><parts><hasparts /><ispartof /></parts><date>02-Apr-2017 19:37:10</date><id>4</id><type>bounding_box</type><polygon><username>anonymous</username><pt><x>271</x><y>313</y></pt><pt><x>318</x><y>313</y></pt><pt><x>318</x><y>354</y></pt><pt><x>271</x><y>354</y></pt></polygon></object><object><name>1</name><deleted>0</deleted><verified>0</verified><occluded>no</occluded><attributes /><parts><hasparts /><ispartof /></parts><date>08-Apr-2017 05:10:09</date><id>5</id><type>bounding_box</type><polygon><username>gtc</username><pt><x>593</x><y>425</y></pt><pt><x>624</x><y>425</y></pt><pt><x>624</x><y>454</y></pt><pt><x>593</x><y>454</y></pt></polygon></object></annotation>