<annotation><filename>9.jpg</filename><folder>users/77880077//merge_new</folder><source><submittedBy>tianchengguo</submittedBy></source><imagesize><nrows>720</nrows><ncols>1280</ncols></imagesize><object><name>1</name><deleted>0</deleted><verified>0</verified><occluded>no</occluded><attributes /><parts><hasparts /><ispartof /></parts><date>02-Apr-2017 18:20:14</date><id>0</id><type>bounding_box</type><polygon><username>anonymous</username><pt><x>100</x><y>99</y></pt><pt><x>128</x><y>99</y></pt><pt><x>128</x><y>131</y></pt><pt><x>100</x><y>131</y></pt></polygon></object><object><name>1</name><deleted>0</deleted><verified>0</verified><occluded>no</occluded><attributes /><parts><hasparts /><ispartof /></parts><date>02-Apr-2017 18:20:18</date><id>1</id><type>bounding_box</type><polygon><username>anonymous</username><pt><x>537</x><y>205</y></pt><pt><x>572</x><y>205</y></pt><pt><x>572</x><y>236</y></pt><pt><x>537</x><y>236</y></pt></polygon></object><object><name>1</name><deleted>0</deleted><verified>0</verified><occluded>no</occluded><attributes /><parts><hasparts /><ispartof /></parts><date>02-Apr-2017 18:20:21</date><id>2</id><type>bounding_box</type><polygon><username>anonymous</username><pt><x>271</x><y>294</y></pt><pt><x>306</x><y>294</y></pt><pt><x>306</x><y>328</y></pt><pt><x>271</x><y>328</y></pt></polygon></object><object><name>1</name><deleted>0</deleted><verified>0</verified><occluded>no</occluded><attributes /><parts><hasparts /><ispartof /></parts><date>02-Apr-2017 18:20:25</date><id>3</id><type>bounding_box</type><polygon><username>anonymous</username><pt><x>1123</x><y>110</y></pt><pt><x>1154</x><y>110</y></pt><pt><x>1154</x><y>147</y></pt><pt><x>1123</x><y>147</y></pt></polygon></object><object><name>1</name><deleted>0</deleted><verified>0</verified><occluded>no</occluded><attributes /><parts><hasparts /><ispartof /></parts><date>02-Apr-2017 18:20:28</date><id>4</id><type>bounding_box</type><polygon><username>anonymous</username><pt><x>808</x><y>181</y></pt><pt><x>840</x><y>181</y></pt><pt><x>840</x><y>211</y></pt><pt><x>808</x><y>211</y></pt></polygon></object></annotation>