<annotation><filename>401.jpg</filename><folder>users/77880077//merge_new</folder><source><submittedBy>tianchengguo</submittedBy></source><imagesize><nrows>720</nrows><ncols>1280</ncols></imagesize><object><name>1</name><deleted>0</deleted><verified>0</verified><occluded>no</occluded><attributes /><parts><hasparts /><ispartof /></parts><date>02-Apr-2017 19:25:54</date><id>0</id><type>bounding_box</type><polygon><username>anonymous</username><pt><x>741</x><y>289</y></pt><pt><x>766</x><y>289</y></pt><pt><x>766</x><y>322</y></pt><pt><x>741</x><y>322</y></pt></polygon></object><object><name>1</name><deleted>0</deleted><verified>0</verified><occluded>no</occluded><attributes /><parts><hasparts /><ispartof /></parts><date>08-Apr-2017 04:56:50</date><id>1</id><type>bounding_box</type><polygon><username>gtc</username><pt><x>496</x><y>283</y></pt><pt><x>529</x><y>283</y></pt><pt><x>529</x><y>309</y></pt><pt><x>496</x><y>309</y></pt></polygon></object></annotation>