<annotation><filename>21.jpg</filename><folder>users/77880077//merge_new</folder><source><submittedBy>tianchengguo</submittedBy></source><imagesize><nrows>720</nrows><ncols>1280</ncols></imagesize><object><name>1</name><deleted>0</deleted><verified>0</verified><occluded>no</occluded><attributes /><parts><hasparts /><ispartof /></parts><date>02-Apr-2017 18:23:34</date><id>0</id><type>bounding_box</type><polygon><username>anonymous</username><pt><x>72</x><y>131</y></pt><pt><x>102</x><y>131</y></pt><pt><x>102</x><y>178</y></pt><pt><x>72</x><y>178</y></pt></polygon></object><object><name>1</name><deleted>0</deleted><verified>0</verified><occluded>no</occluded><attributes /><parts><hasparts /><ispartof /></parts><date>02-Apr-2017 18:23:36</date><id>1</id><type>bounding_box</type><polygon><username>anonymous</username><pt><x>579</x><y>129</y></pt><pt><x>633</x><y>129</y></pt><pt><x>633</x><y>171</y></pt><pt><x>579</x><y>171</y></pt></polygon></object><object><name>1</name><deleted>0</deleted><verified>0</verified><occluded>no</occluded><attributes /><parts><hasparts /><ispartof /></parts><date>02-Apr-2017 18:23:38</date><id>2</id><type>bounding_box</type><polygon><username>anonymous</username><pt><x>123</x><y>319</y></pt><pt><x>160</x><y>319</y></pt><pt><x>160</x><y>358</y></pt><pt><x>123</x><y>358</y></pt></polygon></object><object><name>1</name><deleted>0</deleted><verified>0</verified><occluded>no</occluded><attributes /><parts><hasparts /><ispartof /></parts><date>02-Apr-2017 18:23:40</date><id>3</id><type>bounding_box</type><polygon><username>anonymous</username><pt><x>204</x><y>362</y></pt><pt><x>228</x><y>362</y></pt><pt><x>228</x><y>388</y></pt><pt><x>204</x><y>388</y></pt></polygon></object></annotation>