<annotation><filename>468.jpg</filename><folder>users/77880077//merge_new</folder><source><submittedBy>tianchengguo</submittedBy></source><imagesize><nrows>720</nrows><ncols>1280</ncols></imagesize><object><name>1</name><deleted>0</deleted><verified>0</verified><occluded>no</occluded><attributes /><parts><hasparts /><ispartof /></parts><date>02-Apr-2017 19:34:25</date><id>0</id><type>bounding_box</type><polygon><username>anonymous</username><pt><x>119</x><y>108</y></pt><pt><x>158</x><y>108</y></pt><pt><x>158</x><y>142</y></pt><pt><x>119</x><y>142</y></pt></polygon></object><object><name>1</name><deleted>0</deleted><verified>0</verified><occluded>no</occluded><attributes /><parts><hasparts /><ispartof /></parts><date>02-Apr-2017 19:34:27</date><id>1</id><type>bounding_box</type><polygon><username>anonymous</username><pt><x>1203</x><y>264</y></pt><pt><x>1233</x><y>264</y></pt><pt><x>1233</x><y>298</y></pt><pt><x>1203</x><y>298</y></pt></polygon></object></annotation>