<annotation><filename>409.jpg</filename><folder>users/77880077//merge_new</folder><source><submittedBy>tianchengguo</submittedBy></source><imagesize><nrows>720</nrows><ncols>1280</ncols></imagesize><object><name>1</name><deleted>0</deleted><verified>0</verified><occluded>no</occluded><attributes /><parts><hasparts /><ispartof /></parts><date>02-Apr-2017 19:26:46</date><id>0</id><type>bounding_box</type><polygon><username>anonymous</username><pt><x>688</x><y>193</y></pt><pt><x>723</x><y>193</y></pt><pt><x>723</x><y>222</y></pt><pt><x>688</x><y>222</y></pt></polygon></object><object><name>1</name><deleted>0</deleted><verified>0</verified><occluded>no</occluded><attributes /><parts><hasparts /><ispartof /></parts><date>02-Apr-2017 19:26:49</date><id>1</id><type>bounding_box</type><polygon><username>anonymous</username><pt><x>158</x><y>168</y></pt><pt><x>191</x><y>168</y></pt><pt><x>191</x><y>204</y></pt><pt><x>158</x><y>204</y></pt></polygon></object><object><name>1</name><deleted>0</deleted><verified>0</verified><occluded>no</occluded><attributes /><parts><hasparts /><ispartof /></parts><date>02-Apr-2017 19:26:51</date><id>2</id><type>bounding_box</type><polygon><username>anonymous</username><pt><x>536</x><y>452</y></pt><pt><x>572</x><y>452</y></pt><pt><x>572</x><y>478</y></pt><pt><x>536</x><y>478</y></pt></polygon></object><object><name>1</name><deleted>0</deleted><verified>0</verified><occluded>no</occluded><attributes /><parts><hasparts /><ispartof /></parts><date>02-Apr-2017 19:26:54</date><id>3</id><type>bounding_box</type><polygon><username>anonymous</username><pt><x>1054</x><y>133</y></pt><pt><x>1085</x><y>133</y></pt><pt><x>1085</x><y>167</y></pt><pt><x>1054</x><y>167</y></pt></polygon></object><object><name>1</name><deleted>0</deleted><verified>0</verified><occluded>no</occluded><attributes /><parts><hasparts /><ispartof /></parts><date>08-Apr-2017 04:57:39</date><id>4</id><type>bounding_box</type><polygon><username>gtc</username><pt><x>415</x><y>370</y></pt><pt><x>443</x><y>370</y></pt><pt><x>443</x><y>400</y></pt><pt><x>415</x><y>400</y></pt></polygon></object><object><name>1</name><deleted>0</deleted><verified>0</verified><occluded>no</occluded><attributes /><parts><hasparts /><ispartof /></parts><date>08-Apr-2017 04:57:46</date><id>5</id><type>bounding_box</type><polygon><username>gtc</username><pt><x>191</x><y>48</y></pt><pt><x>224</x><y>48</y></pt><pt><x>224</x><y>84</y></pt><pt><x>191</x><y>84</y></pt></polygon></object></annotation>