<annotation><filename>446.jpg</filename><folder>users/77880077//merge_new</folder><source><submittedBy>tianchengguo</submittedBy></source><imagesize><nrows>720</nrows><ncols>1280</ncols></imagesize><object><name>1</name><deleted>0</deleted><verified>0</verified><occluded>no</occluded><attributes /><parts><hasparts /><ispartof /></parts><date>02-Apr-2017 19:31:28</date><id>0</id><type>bounding_box</type><polygon><username>anonymous</username><pt><x>1127</x><y>218</y></pt><pt><x>1157</x><y>218</y></pt><pt><x>1157</x><y>246</y></pt><pt><x>1127</x><y>246</y></pt></polygon></object><object><name>1</name><deleted>0</deleted><verified>0</verified><occluded>no</occluded><attributes /><parts><hasparts /><ispartof /></parts><date>02-Apr-2017 19:31:33</date><id>1</id><type>bounding_box</type><polygon><username>anonymous</username><pt><x>1053</x><y>382</y></pt><pt><x>1083</x><y>382</y></pt><pt><x>1083</x><y>409</y></pt><pt><x>1053</x><y>409</y></pt></polygon></object><object><name>1</name><deleted>0</deleted><verified>0</verified><occluded>no</occluded><attributes /><parts><hasparts /><ispartof /></parts><date>08-Apr-2017 05:03:29</date><id>2</id><type>bounding_box</type><polygon><username>gtc</username><pt><x>688</x><y>262</y></pt><pt><x>717</x><y>262</y></pt><pt><x>717</x><y>305</y></pt><pt><x>688</x><y>305</y></pt></polygon></object></annotation>