<annotation><filename>430.jpg</filename><folder>users/77880077//merge_new</folder><source><submittedBy>tianchengguo</submittedBy></source><imagesize><nrows>720</nrows><ncols>1280</ncols></imagesize><object><name>1</name><deleted>0</deleted><verified>0</verified><occluded>no</occluded><attributes /><parts><hasparts /><ispartof /></parts><date>02-Apr-2017 19:29:38</date><id>0</id><type>bounding_box</type><polygon><username>anonymous</username><pt><x>240</x><y>154</y></pt><pt><x>267</x><y>154</y></pt><pt><x>267</x><y>185</y></pt><pt><x>240</x><y>185</y></pt></polygon></object><object><name>1</name><deleted>0</deleted><verified>0</verified><occluded>no</occluded><attributes /><parts><hasparts /><ispartof /></parts><date>02-Apr-2017 19:29:40</date><id>1</id><type>bounding_box</type><polygon><username>anonymous</username><pt><x>1079</x><y>233</y></pt><pt><x>1106</x><y>233</y></pt><pt><x>1106</x><y>268</y></pt><pt><x>1079</x><y>268</y></pt></polygon></object><object><name>1</name><deleted>0</deleted><verified>0</verified><occluded>no</occluded><attributes /><parts><hasparts /><ispartof /></parts><date>02-Apr-2017 19:29:44</date><id>2</id><type>bounding_box</type><polygon><username>anonymous</username><pt><x>125</x><y>229</y></pt><pt><x>158</x><y>229</y></pt><pt><x>158</x><y>261</y></pt><pt><x>125</x><y>261</y></pt></polygon></object><object><name>1</name><deleted>0</deleted><verified>0</verified><occluded>no</occluded><attributes /><parts><hasparts /><ispartof /></parts><date>08-Apr-2017 05:01:09</date><id>3</id><type>bounding_box</type><polygon><username>gtc</username><pt><x>541</x><y>316</y></pt><pt><x>570</x><y>316</y></pt><pt><x>570</x><y>348</y></pt><pt><x>541</x><y>348</y></pt></polygon></object></annotation>