<annotation><filename>473.jpg</filename><folder>users/77880077//merge_new</folder><source><submittedBy>tianchengguo</submittedBy></source><imagesize><nrows>720</nrows><ncols>1280</ncols></imagesize><object><name>1</name><deleted>0</deleted><verified>0</verified><occluded>no</occluded><attributes /><parts><hasparts /><ispartof /></parts><date>02-Apr-2017 19:35:01</date><id>0</id><type>bounding_box</type><polygon><username>anonymous</username><pt><x>582</x><y>168</y></pt><pt><x>615</x><y>168</y></pt><pt><x>615</x><y>198</y></pt><pt><x>582</x><y>198</y></pt></polygon></object></annotation>