<annotation><filename>477.jpg</filename><folder>users/77880077//merge_new</folder><source><submittedBy>tianchengguo</submittedBy></source><imagesize><nrows>720</nrows><ncols>1280</ncols></imagesize><object><name>1</name><deleted>0</deleted><verified>0</verified><occluded>no</occluded><attributes /><parts><hasparts /><ispartof /></parts><date>02-Apr-2017 19:35:22</date><id>0</id><type>bounding_box</type><polygon><username>anonymous</username><pt><x>89</x><y>81</y></pt><pt><x>122</x><y>81</y></pt><pt><x>122</x><y>115</y></pt><pt><x>89</x><y>115</y></pt></polygon></object><object><name>1</name><deleted>0</deleted><verified>0</verified><occluded>no</occluded><attributes /><parts><hasparts /><ispartof /></parts><date>02-Apr-2017 19:35:25</date><id>1</id><type>bounding_box</type><polygon><username>anonymous</username><pt><x>576</x><y>381</y></pt><pt><x>610</x><y>381</y></pt><pt><x>610</x><y>417</y></pt><pt><x>576</x><y>417</y></pt></polygon></object><object><name>1</name><deleted>0</deleted><verified>0</verified><occluded>no</occluded><attributes /><parts><hasparts /><ispartof /></parts><date>02-Apr-2017 19:35:27</date><id>2</id><type>bounding_box</type><polygon><username>anonymous</username><pt><x>723</x><y>200</y></pt><pt><x>758</x><y>200</y></pt><pt><x>758</x><y>234</y></pt><pt><x>723</x><y>234</y></pt></polygon></object><object><name>1</name><deleted>0</deleted><verified>0</verified><occluded>no</occluded><attributes /><parts><hasparts /><ispartof /></parts><date>08-Apr-2017 05:08:03</date><id>3</id><type>bounding_box</type><polygon><username>gtc</username><pt><x>707</x><y>310</y></pt><pt><x>737</x><y>310</y></pt><pt><x>737</x><y>343</y></pt><pt><x>707</x><y>343</y></pt></polygon></object></annotation>