<annotation><filename>493.jpg</filename><folder>users/77880077//merge_new</folder><source><submittedBy>tianchengguo</submittedBy></source><imagesize><nrows>720</nrows><ncols>1280</ncols></imagesize><object><name>1</name><deleted>0</deleted><verified>0</verified><occluded>no</occluded><attributes /><parts><hasparts /><ispartof /></parts><date>02-Apr-2017 19:37:22</date><id>0</id><type>bounding_box</type><polygon><username>anonymous</username><pt><x>390</x><y>45</y></pt><pt><x>428</x><y>45</y></pt><pt><x>428</x><y>88</y></pt><pt><x>390</x><y>88</y></pt></polygon></object><object><name>1</name><deleted>0</deleted><verified>0</verified><occluded>no</occluded><attributes /><parts><hasparts /><ispartof /></parts><date>02-Apr-2017 19:37:23</date><id>1</id><type>bounding_box</type><polygon><username>anonymous</username><pt><x>297</x><y>181</y></pt><pt><x>332</x><y>181</y></pt><pt><x>332</x><y>217</y></pt><pt><x>297</x><y>217</y></pt></polygon></object><object><name>1</name><deleted>0</deleted><verified>0</verified><occluded>no</occluded><attributes /><parts><hasparts /><ispartof /></parts><date>02-Apr-2017 19:37:25</date><id>2</id><type>bounding_box</type><polygon><username>anonymous</username><pt><x>880</x><y>420</y></pt><pt><x>915</x><y>420</y></pt><pt><x>915</x><y>459</y></pt><pt><x>880</x><y>459</y></pt></polygon></object></annotation>