<annotation><filename>492.jpg</filename><folder>users/77880077//merge_new</folder><source><submittedBy>tianchengguo</submittedBy></source><imagesize><nrows>720</nrows><ncols>1280</ncols></imagesize><object><name>1</name><deleted>0</deleted><verified>0</verified><occluded>no</occluded><attributes /><parts><hasparts /><ispartof /></parts><date>02-Apr-2017 19:37:15</date><id>0</id><type>bounding_box</type><polygon><username>anonymous</username><pt><x>532</x><y>172</y></pt><pt><x>565</x><y>172</y></pt><pt><x>565</x><y>217</y></pt><pt><x>532</x><y>217</y></pt></polygon></object><object><name>1</name><deleted>0</deleted><verified>0</verified><occluded>no</occluded><attributes /><parts><hasparts /><ispartof /></parts><date>02-Apr-2017 19:37:17</date><id>1</id><type>bounding_box</type><polygon><username>anonymous</username><pt><x>716</x><y>297</y></pt><pt><x>747</x><y>297</y></pt><pt><x>747</x><y>342</y></pt><pt><x>716</x><y>342</y></pt></polygon></object><object><name>1</name><deleted>0</deleted><verified>0</verified><occluded>no</occluded><attributes /><parts><hasparts /><ispartof /></parts><date>02-Apr-2017 19:37:18</date><id>2</id><type>bounding_box</type><polygon><username>anonymous</username><pt><x>776</x><y>404</y></pt><pt><x>820</x><y>404</y></pt><pt><x>820</x><y>444</y></pt><pt><x>776</x><y>444</y></pt></polygon></object></annotation>