<annotation><filename>37.jpg</filename><folder>users/77880077//merge_new</folder><source><submittedBy>tianchengguo</submittedBy></source><imagesize><nrows>720</nrows><ncols>1280</ncols></imagesize><object><name>1</name><deleted>0</deleted><verified>0</verified><occluded>no</occluded><attributes /><parts><hasparts /><ispartof /></parts><date>02-Apr-2017 18:29:28</date><id>0</id><type>bounding_box</type><polygon><username>anonymous</username><pt><x>110</x><y>68</y></pt><pt><x>143</x><y>68</y></pt><pt><x>143</x><y>108</y></pt><pt><x>110</x><y>108</y></pt></polygon></object><object><name>1</name><deleted>0</deleted><verified>0</verified><occluded>no</occluded><attributes /><parts><hasparts /><ispartof /></parts><date>02-Apr-2017 18:29:30</date><id>1</id><type>bounding_box</type><polygon><username>anonymous</username><pt><x>256</x><y>167</y></pt><pt><x>294</x><y>167</y></pt><pt><x>294</x><y>207</y></pt><pt><x>256</x><y>207</y></pt></polygon></object></annotation>