<annotation><filename>441.jpg</filename><folder>users/77880077//merge_new</folder><source><submittedBy>tianchengguo</submittedBy></source><imagesize><nrows>720</nrows><ncols>1280</ncols></imagesize><object><name>1</name><deleted>0</deleted><verified>0</verified><occluded>no</occluded><attributes /><parts><hasparts /><ispartof /></parts><date>02-Apr-2017 19:30:56</date><id>0</id><type>bounding_box</type><polygon><username>anonymous</username><pt><x>556</x><y>183</y></pt><pt><x>583</x><y>183</y></pt><pt><x>583</x><y>217</y></pt><pt><x>556</x><y>217</y></pt></polygon></object><object><name>1</name><deleted>0</deleted><verified>0</verified><occluded>no</occluded><attributes /><parts><hasparts /><ispartof /></parts><date>02-Apr-2017 19:30:58</date><id>1</id><type>bounding_box</type><polygon><username>anonymous</username><pt><x>1068</x><y>201</y></pt><pt><x>1101</x><y>201</y></pt><pt><x>1101</x><y>240</y></pt><pt><x>1068</x><y>240</y></pt></polygon></object><object><name>1</name><deleted>0</deleted><verified>0</verified><occluded>no</occluded><attributes /><parts><hasparts /><ispartof /></parts><date>02-Apr-2017 19:30:59</date><id>2</id><type>bounding_box</type><polygon><username>anonymous</username><pt><x>1037</x><y>80</y></pt><pt><x>1066</x><y>80</y></pt><pt><x>1066</x><y>117</y></pt><pt><x>1037</x><y>117</y></pt></polygon></object><object><name>1</name><deleted>0</deleted><verified>0</verified><occluded>no</occluded><attributes /><parts><hasparts /><ispartof /></parts><date>02-Apr-2017 19:31:01</date><id>3</id><type>bounding_box</type><polygon><username>anonymous</username><pt><x>190</x><y>558</y></pt><pt><x>215</x><y>558</y></pt><pt><x>215</x><y>595</y></pt><pt><x>190</x><y>595</y></pt></polygon></object><object><name>1</name><deleted>0</deleted><verified>0</verified><occluded>no</occluded><attributes /><parts><hasparts /><ispartof /></parts><date>08-Apr-2017 05:02:52</date><id>4</id><type>bounding_box</type><polygon><username>gtc</username><pt><x>1205</x><y>157</y></pt><pt><x>1229</x><y>157</y></pt><pt><x>1229</x><y>197</y></pt><pt><x>1205</x><y>197</y></pt></polygon></object><object><name>1</name><deleted>0</deleted><verified>0</verified><occluded>no</occluded><attributes /><parts><hasparts /><ispartof /></parts><date>08-Apr-2017 05:02:57</date><id>5</id><type>bounding_box</type><polygon><username>gtc</username><pt><x>1038</x><y>237</y></pt><pt><x>1068</x><y>237</y></pt><pt><x>1068</x><y>271</y></pt><pt><x>1038</x><y>271</y></pt></polygon></object></annotation>