<annotation><filename>12.jpg</filename><folder>users/77880077//merge_new</folder><source><submittedBy>tianchengguo</submittedBy></source><imagesize><nrows>720</nrows><ncols>1280</ncols></imagesize><object><name>1</name><deleted>0</deleted><verified>0</verified><occluded>no</occluded><attributes /><parts><hasparts /><ispartof /></parts><date>02-Apr-2017 18:21:07</date><id>0</id><type>bounding_box</type><polygon><username>anonymous</username><pt><x>249</x><y>144</y></pt><pt><x>282</x><y>144</y></pt><pt><x>282</x><y>186</y></pt><pt><x>249</x><y>186</y></pt></polygon></object><object><name>1</name><deleted>0</deleted><verified>0</verified><occluded>no</occluded><attributes /><parts><hasparts /><ispartof /></parts><date>02-Apr-2017 18:21:10</date><id>1</id><type>bounding_box</type><polygon><username>anonymous</username><pt><x>475</x><y>316</y></pt><pt><x>511</x><y>316</y></pt><pt><x>511</x><y>354</y></pt><pt><x>475</x><y>354</y></pt></polygon></object></annotation>