<annotation><filename>469.jpg</filename><folder>users/77880077//merge_new</folder><source><submittedBy>tianchengguo</submittedBy></source><imagesize><nrows>720</nrows><ncols>1280</ncols></imagesize><object><name>1</name><deleted>0</deleted><verified>0</verified><occluded>no</occluded><attributes /><parts><hasparts /><ispartof /></parts><date>02-Apr-2017 19:34:32</date><id>0</id><type>bounding_box</type><polygon><username>anonymous</username><pt><x>307</x><y>225</y></pt><pt><x>342</x><y>225</y></pt><pt><x>342</x><y>259</y></pt><pt><x>307</x><y>259</y></pt></polygon></object><object><name>1</name><deleted>0</deleted><verified>0</verified><occluded>no</occluded><attributes /><parts><hasparts /><ispartof /></parts><date>02-Apr-2017 19:34:35</date><id>1</id><type>bounding_box</type><polygon><username>anonymous</username><pt><x>1075</x><y>241</y></pt><pt><x>1115</x><y>241</y></pt><pt><x>1115</x><y>282</y></pt><pt><x>1075</x><y>282</y></pt></polygon></object><object><name>1</name><deleted>0</deleted><verified>0</verified><occluded>no</occluded><attributes /><parts><hasparts /><ispartof /></parts><date>08-Apr-2017 05:07:16</date><id>2</id><type>bounding_box</type><polygon><username>gtc</username><pt><x>696</x><y>311</y></pt><pt><x>739</x><y>311</y></pt><pt><x>739</x><y>342</y></pt><pt><x>696</x><y>342</y></pt></polygon></object></annotation>