<annotation><filename>427.jpg</filename><folder>users/77880077//merge_new</folder><source><submittedBy>tianchengguo</submittedBy></source><imagesize><nrows>720</nrows><ncols>1280</ncols></imagesize><object><name>1</name><deleted>0</deleted><verified>0</verified><occluded>no</occluded><attributes /><parts><hasparts /><ispartof /></parts><date>02-Apr-2017 19:29:19</date><id>0</id><type>bounding_box</type><polygon><username>anonymous</username><pt><x>531</x><y>266</y></pt><pt><x>565</x><y>266</y></pt><pt><x>565</x><y>288</y></pt><pt><x>531</x><y>288</y></pt></polygon></object><object><name>1</name><deleted>0</deleted><verified>0</verified><occluded>no</occluded><attributes /><parts><hasparts /><ispartof /></parts><date>02-Apr-2017 19:29:21</date><id>1</id><type>bounding_box</type><polygon><username>anonymous</username><pt><x>1220</x><y>313</y></pt><pt><x>1256</x><y>313</y></pt><pt><x>1256</x><y>343</y></pt><pt><x>1220</x><y>343</y></pt></polygon></object></annotation>