<annotation><filename>413.jpg</filename><folder>users/77880077//merge_new</folder><source><submittedBy>tianchengguo</submittedBy></source><imagesize><nrows>720</nrows><ncols>1280</ncols></imagesize><object><name>1</name><deleted>0</deleted><verified>0</verified><occluded>no</occluded><attributes /><parts><hasparts /><ispartof /></parts><date>02-Apr-2017 19:27:22</date><id>0</id><type>bounding_box</type><polygon><username>anonymous</username><pt><x>549</x><y>83</y></pt><pt><x>581</x><y>83</y></pt><pt><x>581</x><y>118</y></pt><pt><x>549</x><y>118</y></pt></polygon></object><object><name>1</name><deleted>0</deleted><verified>0</verified><occluded>no</occluded><attributes /><parts><hasparts /><ispartof /></parts><date>02-Apr-2017 19:27:24</date><id>1</id><type>bounding_box</type><polygon><username>anonymous</username><pt><x>962</x><y>138</y></pt><pt><x>1000</x><y>138</y></pt><pt><x>1000</x><y>180</y></pt><pt><x>962</x><y>180</y></pt></polygon></object><object><name>1</name><deleted>0</deleted><verified>0</verified><occluded>no</occluded><attributes /><parts><hasparts /><ispartof /></parts><date>02-Apr-2017 19:27:26</date><id>2</id><type>bounding_box</type><polygon><username>anonymous</username><pt><x>814</x><y>278</y></pt><pt><x>842</x><y>278</y></pt><pt><x>842</x><y>315</y></pt><pt><x>814</x><y>315</y></pt></polygon></object></annotation>