<annotation><filename>489.jpg</filename><folder>users/77880077//merge_new</folder><source><submittedBy>tianchengguo</submittedBy></source><imagesize><nrows>720</nrows><ncols>1280</ncols></imagesize><object><name>1</name><deleted>0</deleted><verified>0</verified><occluded>no</occluded><attributes /><parts><hasparts /><ispartof /></parts><date>02-Apr-2017 19:36:51</date><id>0</id><type>bounding_box</type><polygon><username>anonymous</username><pt><x>725</x><y>239</y></pt><pt><x>766</x><y>239</y></pt><pt><x>766</x><y>284</y></pt><pt><x>725</x><y>284</y></pt></polygon></object><object><name>1</name><deleted>0</deleted><verified>0</verified><occluded>no</occluded><attributes /><parts><hasparts /><ispartof /></parts><date>08-Apr-2017 05:09:50</date><id>1</id><type>bounding_box</type><polygon><username>gtc</username><pt><x>512</x><y>364</y></pt><pt><x>554</x><y>364</y></pt><pt><x>554</x><y>395</y></pt><pt><x>512</x><y>395</y></pt></polygon></object></annotation>