<annotation><filename>463.jpg</filename><folder>users/77880077//merge_new</folder><source><submittedBy>tianchengguo</submittedBy></source><imagesize><nrows>720</nrows><ncols>1280</ncols></imagesize><object><name>1</name><deleted>0</deleted><verified>0</verified><occluded>no</occluded><attributes /><parts><hasparts /><ispartof /></parts><date>02-Apr-2017 19:33:45</date><id>0</id><type>bounding_box</type><polygon><username>anonymous</username><pt><x>1015</x><y>197</y></pt><pt><x>1046</x><y>197</y></pt><pt><x>1046</x><y>233</y></pt><pt><x>1015</x><y>233</y></pt></polygon></object><object><name>1</name><deleted>0</deleted><verified>0</verified><occluded>no</occluded><attributes /><parts><hasparts /><ispartof /></parts><date>02-Apr-2017 19:33:47</date><id>1</id><type>bounding_box</type><polygon><username>anonymous</username><pt><x>1183</x><y>248</y></pt><pt><x>1210</x><y>248</y></pt><pt><x>1210</x><y>280</y></pt><pt><x>1183</x><y>280</y></pt></polygon></object><object><name>1</name><deleted>0</deleted><verified>0</verified><occluded>no</occluded><attributes /><parts><hasparts /><ispartof /></parts><date>02-Apr-2017 19:33:49</date><id>2</id><type>bounding_box</type><polygon><username>anonymous</username><pt><x>1037</x><y>272</y></pt><pt><x>1068</x><y>272</y></pt><pt><x>1068</x><y>303</y></pt><pt><x>1037</x><y>303</y></pt></polygon></object><object><name>1</name><deleted>0</deleted><verified>0</verified><occluded>no</occluded><attributes /><parts><hasparts /><ispartof /></parts><date>02-Apr-2017 19:33:50</date><id>3</id><type>bounding_box</type><polygon><username>anonymous</username><pt><x>919</x><y>363</y></pt><pt><x>944</x><y>363</y></pt><pt><x>944</x><y>383</y></pt><pt><x>919</x><y>383</y></pt></polygon></object><object><name>1</name><deleted>0</deleted><verified>0</verified><occluded>no</occluded><attributes /><parts><hasparts /><ispartof /></parts><date>02-Apr-2017 19:33:52</date><id>4</id><type>bounding_box</type><polygon><username>anonymous</username><pt><x>608</x><y>478</y></pt><pt><x>643</x><y>478</y></pt><pt><x>643</x><y>504</y></pt><pt><x>608</x><y>504</y></pt></polygon></object></annotation>