<annotation><filename>364.jpg</filename><folder>users/77880077//merge_new</folder><source><submittedBy>tianchengguo</submittedBy></source><imagesize><nrows>720</nrows><ncols>1280</ncols></imagesize><object><name>1</name><deleted>0</deleted><verified>0</verified><occluded>no</occluded><attributes /><parts><hasparts /><ispartof /></parts><date>02-Apr-2017 19:21:23</date><id>0</id><type>bounding_box</type><polygon><username>anonymous</username><pt><x>545</x><y>193</y></pt><pt><x>575</x><y>193</y></pt><pt><x>575</x><y>228</y></pt><pt><x>545</x><y>228</y></pt></polygon></object><object><name>1</name><deleted>0</deleted><verified>0</verified><occluded>no</occluded><attributes /><parts><hasparts /><ispartof /></parts><date>02-Apr-2017 19:21:25</date><id>1</id><type>bounding_box</type><polygon><username>anonymous</username><pt><x>1063</x><y>131</y></pt><pt><x>1093</x><y>131</y></pt><pt><x>1093</x><y>170</y></pt><pt><x>1063</x><y>170</y></pt></polygon></object><object><name>1</name><deleted>0</deleted><verified>0</verified><occluded>no</occluded><attributes /><parts><hasparts /><ispartof /></parts><date>02-Apr-2017 19:21:27</date><id>2</id><type>bounding_box</type><polygon><username>anonymous</username><pt><x>1187</x><y>89</y></pt><pt><x>1219</x><y>89</y></pt><pt><x>1219</x><y>120</y></pt><pt><x>1187</x><y>120</y></pt></polygon></object><object><name>1</name><deleted>0</deleted><verified>0</verified><occluded>no</occluded><attributes /><parts><hasparts /><ispartof /></parts><date>08-Apr-2017 04:52:03</date><id>3</id><type>bounding_box</type><polygon><username>gtc</username><pt><x>559</x><y>84</y></pt><pt><x>592</x><y>84</y></pt><pt><x>592</x><y>125</y></pt><pt><x>559</x><y>125</y></pt></polygon></object></annotation>