<annotation><filename>374.jpg</filename><folder>users/77880077//merge_new</folder><source><submittedBy>tianchengguo</submittedBy></source><imagesize><nrows>720</nrows><ncols>1280</ncols></imagesize><object><name>1</name><deleted>0</deleted><verified>0</verified><occluded>no</occluded><attributes /><parts><hasparts /><ispartof /></parts><date>02-Apr-2017 19:22:26</date><id>0</id><type>bounding_box</type><polygon><username>anonymous</username><pt><x>182</x><y>63</y></pt><pt><x>213</x><y>63</y></pt><pt><x>213</x><y>93</y></pt><pt><x>182</x><y>93</y></pt></polygon></object><object><name>1</name><deleted>0</deleted><verified>0</verified><occluded>no</occluded><attributes /><parts><hasparts /><ispartof /></parts><date>02-Apr-2017 19:22:28</date><id>1</id><type>bounding_box</type><polygon><username>anonymous</username><pt><x>640</x><y>184</y></pt><pt><x>675</x><y>184</y></pt><pt><x>675</x><y>216</y></pt><pt><x>640</x><y>216</y></pt></polygon></object><object><name>1</name><deleted>0</deleted><verified>0</verified><occluded>no</occluded><attributes /><parts><hasparts /><ispartof /></parts><date>02-Apr-2017 19:22:30</date><id>2</id><type>bounding_box</type><polygon><username>anonymous</username><pt><x>985</x><y>218</y></pt><pt><x>1013</x><y>218</y></pt><pt><x>1013</x><y>248</y></pt><pt><x>985</x><y>248</y></pt></polygon></object><object><name>1</name><deleted>0</deleted><verified>0</verified><occluded>no</occluded><attributes /><parts><hasparts /><ispartof /></parts><date>02-Apr-2017 19:22:33</date><id>3</id><type>bounding_box</type><polygon><username>anonymous</username><pt><x>772</x><y>279</y></pt><pt><x>814</x><y>279</y></pt><pt><x>814</x><y>305</y></pt><pt><x>772</x><y>305</y></pt></polygon></object></annotation>