<annotation><filename>481.jpg</filename><folder>users/77880077//merge_new</folder><source><submittedBy>tianchengguo</submittedBy></source><imagesize><nrows>720</nrows><ncols>1280</ncols></imagesize><object><name>1</name><deleted>0</deleted><verified>0</verified><occluded>no</occluded><attributes /><parts><hasparts /><ispartof /></parts><date>02-Apr-2017 19:35:58</date><id>0</id><type>bounding_box</type><polygon><username>anonymous</username><pt><x>165</x><y>188</y></pt><pt><x>204</x><y>188</y></pt><pt><x>204</x><y>228</y></pt><pt><x>165</x><y>228</y></pt></polygon></object><object><name>1</name><deleted>0</deleted><verified>0</verified><occluded>no</occluded><attributes /><parts><hasparts /><ispartof /></parts><date>02-Apr-2017 19:36:00</date><id>1</id><type>bounding_box</type><polygon><username>anonymous</username><pt><x>232</x><y>78</y></pt><pt><x>263</x><y>78</y></pt><pt><x>263</x><y>115</y></pt><pt><x>232</x><y>115</y></pt></polygon></object><object><name>1</name><deleted>0</deleted><verified>0</verified><occluded>no</occluded><attributes /><parts><hasparts /><ispartof /></parts><date>02-Apr-2017 19:36:02</date><id>2</id><type>bounding_box</type><polygon><username>anonymous</username><pt><x>724</x><y>328</y></pt><pt><x>762</x><y>328</y></pt><pt><x>762</x><y>362</y></pt><pt><x>724</x><y>362</y></pt></polygon></object><object><name>1</name><deleted>0</deleted><verified>0</verified><occluded>no</occluded><attributes /><parts><hasparts /><ispartof /></parts><date>08-Apr-2017 05:08:41</date><id>3</id><type>bounding_box</type><polygon><username>gtc</username><pt><x>1025</x><y>128</y></pt><pt><x>1068</x><y>128</y></pt><pt><x>1068</x><y>162</y></pt><pt><x>1025</x><y>162</y></pt></polygon></object></annotation>