<annotation><filename>44.jpg</filename><folder>users/77880077//merge_new</folder><source><submittedBy>tianchengguo</submittedBy></source><imagesize><nrows>720</nrows><ncols>1280</ncols></imagesize><object><name>1</name><deleted>0</deleted><verified>0</verified><occluded>no</occluded><attributes /><parts><hasparts /><ispartof /></parts><date>02-Apr-2017 18:30:43</date><id>0</id><type>bounding_box</type><polygon><username>anonymous</username><pt><x>146</x><y>167</y></pt><pt><x>178</x><y>167</y></pt><pt><x>178</x><y>209</y></pt><pt><x>146</x><y>209</y></pt></polygon></object><object><name>1</name><deleted>0</deleted><verified>0</verified><occluded>no</occluded><attributes /><parts><hasparts /><ispartof /></parts><date>02-Apr-2017 18:30:45</date><id>1</id><type>bounding_box</type><polygon><username>anonymous</username><pt><x>771</x><y>60</y></pt><pt><x>810</x><y>60</y></pt><pt><x>810</x><y>99</y></pt><pt><x>771</x><y>99</y></pt></polygon></object><object><name>1</name><deleted>0</deleted><verified>0</verified><occluded>no</occluded><attributes /><parts><hasparts /><ispartof /></parts><date>02-Apr-2017 18:30:48</date><id>2</id><type>bounding_box</type><polygon><username>anonymous</username><pt><x>492</x><y>385</y></pt><pt><x>533</x><y>385</y></pt><pt><x>533</x><y>424</y></pt><pt><x>492</x><y>424</y></pt></polygon></object><object><name>1</name><deleted>0</deleted><verified>0</verified><occluded>no</occluded><attributes /><parts><hasparts /><ispartof /></parts><date>02-Apr-2017 18:30:50</date><id>3</id><type>bounding_box</type><polygon><username>anonymous</username><pt><x>1135</x><y>220</y></pt><pt><x>1169</x><y>220</y></pt><pt><x>1169</x><y>264</y></pt><pt><x>1135</x><y>264</y></pt></polygon></object></annotation>