<annotation><filename>408.jpg</filename><folder>users/77880077//merge_new</folder><source><submittedBy>tianchengguo</submittedBy></source><imagesize><nrows>720</nrows><ncols>1280</ncols></imagesize><object><name>1</name><deleted>0</deleted><verified>0</verified><occluded>no</occluded><attributes /><parts><hasparts /><ispartof /></parts><date>02-Apr-2017 19:26:41</date><id>0</id><type>bounding_box</type><polygon><username>anonymous</username><pt><x>337</x><y>211</y></pt><pt><x>372</x><y>211</y></pt><pt><x>372</x><y>250</y></pt><pt><x>337</x><y>250</y></pt></polygon></object><object><name>1</name><deleted>0</deleted><verified>0</verified><occluded>no</occluded><attributes /><parts><hasparts /><ispartof /></parts><date>02-Apr-2017 19:26:43</date><id>1</id><type>bounding_box</type><polygon><username>anonymous</username><pt><x>931</x><y>150</y></pt><pt><x>966</x><y>150</y></pt><pt><x>966</x><y>186</y></pt><pt><x>931</x><y>186</y></pt></polygon></object></annotation>