<annotation><filename>453.jpg</filename><folder>users/77880077//merge_new</folder><source><submittedBy>tianchengguo</submittedBy></source><imagesize><nrows>720</nrows><ncols>1280</ncols></imagesize><object><name>1</name><deleted>0</deleted><verified>0</verified><occluded>no</occluded><attributes /><parts><hasparts /><ispartof /></parts><date>02-Apr-2017 19:32:23</date><id>0</id><type>bounding_box</type><polygon><username>anonymous</username><pt><x>185</x><y>154</y></pt><pt><x>217</x><y>154</y></pt><pt><x>217</x><y>187</y></pt><pt><x>185</x><y>187</y></pt></polygon></object><object><name>1</name><deleted>0</deleted><verified>0</verified><occluded>no</occluded><attributes /><parts><hasparts /><ispartof /></parts><date>02-Apr-2017 19:32:25</date><id>1</id><type>bounding_box</type><polygon><username>anonymous</username><pt><x>669</x><y>278</y></pt><pt><x>708</x><y>278</y></pt><pt><x>708</x><y>310</y></pt><pt><x>669</x><y>310</y></pt></polygon></object><object><name>1</name><deleted>0</deleted><verified>0</verified><occluded>no</occluded><attributes /><parts><hasparts /><ispartof /></parts><date>02-Apr-2017 19:32:26</date><id>2</id><type>bounding_box</type><polygon><username>anonymous</username><pt><x>1129</x><y>170</y></pt><pt><x>1164</x><y>170</y></pt><pt><x>1164</x><y>205</y></pt><pt><x>1129</x><y>205</y></pt></polygon></object><object><name>1</name><deleted>0</deleted><verified>0</verified><occluded>no</occluded><attributes /><parts><hasparts /><ispartof /></parts><date>08-Apr-2017 05:04:23</date><id>3</id><type>bounding_box</type><polygon><username>gtc</username><pt><x>827</x><y>278</y></pt><pt><x>860</x><y>278</y></pt><pt><x>860</x><y>312</y></pt><pt><x>827</x><y>312</y></pt></polygon></object></annotation>