<annotation><filename>25.jpg</filename><folder>users/77880077//merge_new</folder><source><submittedBy>tianchengguo</submittedBy></source><imagesize><nrows>720</nrows><ncols>1280</ncols></imagesize><object><name>1</name><deleted>0</deleted><verified>0</verified><occluded>no</occluded><attributes /><parts><hasparts /><ispartof /></parts><date>02-Apr-2017 18:26:52</date><id>0</id><type>bounding_box</type><polygon><username>anonymous</username><pt><x>239</x><y>115</y></pt><pt><x>278</x><y>115</y></pt><pt><x>278</x><y>159</y></pt><pt><x>239</x><y>159</y></pt></polygon></object><object><name>1</name><deleted>0</deleted><verified>0</verified><occluded>no</occluded><attributes /><parts><hasparts /><ispartof /></parts><date>02-Apr-2017 18:26:55</date><id>1</id><type>bounding_box</type><polygon><username>anonymous</username><pt><x>672</x><y>280</y></pt><pt><x>711</x><y>280</y></pt><pt><x>711</x><y>324</y></pt><pt><x>672</x><y>324</y></pt></polygon></object><object><name>1</name><deleted>0</deleted><verified>0</verified><occluded>no</occluded><attributes /><parts><hasparts /><ispartof /></parts><date>02-Apr-2017 18:26:59</date><id>2</id><type>bounding_box</type><polygon><username>anonymous</username><pt><x>911</x><y>447</y></pt><pt><x>949</x><y>447</y></pt><pt><x>949</x><y>485</y></pt><pt><x>911</x><y>485</y></pt></polygon></object><object><name>1</name><deleted>0</deleted><verified>0</verified><occluded>no</occluded><attributes /><parts><hasparts /><ispartof /></parts><date>02-Apr-2017 18:27:01</date><id>3</id><type>bounding_box</type><polygon><username>anonymous</username><pt><x>975</x><y>398</y></pt><pt><x>1013</x><y>398</y></pt><pt><x>1013</x><y>437</y></pt><pt><x>975</x><y>437</y></pt></polygon></object><object><name>1</name><deleted>0</deleted><verified>0</verified><occluded>no</occluded><attributes /><parts><hasparts /><ispartof /></parts><date>08-Apr-2017 03:56:04</date><id>4</id><type>bounding_box</type><polygon><username>gtc</username><pt><x>1033</x><y>234</y></pt><pt><x>1064</x><y>234</y></pt><pt><x>1064</x><y>274</y></pt><pt><x>1033</x><y>274</y></pt></polygon></object><object><name>1</name><deleted>0</deleted><verified>0</verified><occluded>no</occluded><attributes /><parts><hasparts /><ispartof /></parts><date>08-Apr-2017 03:56:10</date><id>5</id><type>bounding_box</type><polygon><username>gtc</username><pt><x>700</x><y>341</y></pt><pt><x>738</x><y>341</y></pt><pt><x>738</x><y>374</y></pt><pt><x>700</x><y>374</y></pt></polygon></object></annotation>