<annotation><filename>354.jpg</filename><folder>users/77880077//merge_new</folder><source><submittedBy>tianchengguo</submittedBy></source><imagesize><nrows>720</nrows><ncols>1280</ncols></imagesize><object><name>1</name><deleted>0</deleted><verified>0</verified><occluded>no</occluded><attributes /><parts><hasparts /><ispartof /></parts><date>02-Apr-2017 19:20:07</date><id>0</id><type>bounding_box</type><polygon><username>anonymous</username><pt><x>186</x><y>76</y></pt><pt><x>216</x><y>76</y></pt><pt><x>216</x><y>107</y></pt><pt><x>186</x><y>107</y></pt></polygon></object><object><name>1</name><deleted>0</deleted><verified>0</verified><occluded>no</occluded><attributes /><parts><hasparts /><ispartof /></parts><date>02-Apr-2017 19:20:09</date><id>1</id><type>bounding_box</type><polygon><username>anonymous</username><pt><x>272</x><y>170</y></pt><pt><x>306</x><y>170</y></pt><pt><x>306</x><y>200</y></pt><pt><x>272</x><y>200</y></pt></polygon></object><object><name>1</name><deleted>0</deleted><verified>0</verified><occluded>no</occluded><attributes /><parts><hasparts /><ispartof /></parts><date>08-Apr-2017 04:50:28</date><id>2</id><type>bounding_box</type><polygon><username>gtc</username><pt><x>736</x><y>151</y></pt><pt><x>763</x><y>151</y></pt><pt><x>763</x><y>223</y></pt><pt><x>736</x><y>223</y></pt></polygon></object></annotation>