<annotation><filename>497.jpg</filename><folder>users/77880077//merge_new</folder><source><submittedBy>tianchengguo</submittedBy></source><imagesize><nrows>720</nrows><ncols>1280</ncols></imagesize><object><name>1</name><deleted>0</deleted><verified>0</verified><occluded>no</occluded><attributes /><parts><hasparts /><ispartof /></parts><date>02-Apr-2017 19:37:47</date><id>0</id><type>bounding_box</type><polygon><username>anonymous</username><pt><x>393</x><y>127</y></pt><pt><x>424</x><y>127</y></pt><pt><x>424</x><y>161</y></pt><pt><x>393</x><y>161</y></pt></polygon></object><object><name>1</name><deleted>0</deleted><verified>0</verified><occluded>no</occluded><attributes /><parts><hasparts /><ispartof /></parts><date>02-Apr-2017 19:37:49</date><id>1</id><type>bounding_box</type><polygon><username>anonymous</username><pt><x>236</x><y>439</y></pt><pt><x>263</x><y>439</y></pt><pt><x>263</x><y>478</y></pt><pt><x>236</x><y>478</y></pt></polygon></object><object><name>1</name><deleted>0</deleted><verified>0</verified><occluded>no</occluded><attributes /><parts><hasparts /><ispartof /></parts><date>02-Apr-2017 19:37:50</date><id>2</id><type>bounding_box</type><polygon><username>anonymous</username><pt><x>254</x><y>491</y></pt><pt><x>285</x><y>491</y></pt><pt><x>285</x><y>528</y></pt><pt><x>254</x><y>528</y></pt></polygon></object><object><name>1</name><deleted>0</deleted><verified>0</verified><occluded>no</occluded><attributes /><parts><hasparts /><ispartof /></parts><date>02-Apr-2017 19:37:53</date><id>3</id><type>bounding_box</type><polygon><username>anonymous</username><pt><x>447</x><y>190</y></pt><pt><x>482</x><y>190</y></pt><pt><x>482</x><y>218</y></pt><pt><x>447</x><y>218</y></pt></polygon></object></annotation>