<annotation><filename>433.jpg</filename><folder>users/77880077//merge_new</folder><source><submittedBy>tianchengguo</submittedBy></source><imagesize><nrows>720</nrows><ncols>1280</ncols></imagesize><object><name>1</name><deleted>0</deleted><verified>0</verified><occluded>no</occluded><attributes /><parts><hasparts /><ispartof /></parts><date>02-Apr-2017 19:30:02</date><id>0</id><type>bounding_box</type><polygon><username>anonymous</username><pt><x>153</x><y>303</y></pt><pt><x>185</x><y>303</y></pt><pt><x>185</x><y>337</y></pt><pt><x>153</x><y>337</y></pt></polygon></object><object><name>1</name><deleted>0</deleted><verified>0</verified><occluded>no</occluded><attributes /><parts><hasparts /><ispartof /></parts><date>02-Apr-2017 19:30:04</date><id>1</id><type>bounding_box</type><polygon><username>anonymous</username><pt><x>332</x><y>397</y></pt><pt><x>366</x><y>397</y></pt><pt><x>366</x><y>437</y></pt><pt><x>332</x><y>437</y></pt></polygon></object><object><name>1</name><deleted>0</deleted><verified>0</verified><occluded>no</occluded><attributes /><parts><hasparts /><ispartof /></parts><date>02-Apr-2017 19:30:06</date><id>2</id><type>bounding_box</type><polygon><username>anonymous</username><pt><x>102</x><y>493</y></pt><pt><x>138</x><y>493</y></pt><pt><x>138</x><y>527</y></pt><pt><x>102</x><y>527</y></pt></polygon></object><object><name>1</name><deleted>0</deleted><verified>0</verified><occluded>no</occluded><attributes /><parts><hasparts /><ispartof /></parts><date>08-Apr-2017 05:01:32</date><id>3</id><type>bounding_box</type><polygon><username>gtc</username><pt><x>257</x><y>407</y></pt><pt><x>292</x><y>407</y></pt><pt><x>292</x><y>438</y></pt><pt><x>257</x><y>438</y></pt></polygon></object></annotation>