<annotation><filename>56.jpg</filename><folder>users/77880077//merge_new</folder><source><submittedBy>tianchengguo</submittedBy></source><imagesize><nrows>720</nrows><ncols>1280</ncols></imagesize><object><name>1</name><deleted>0</deleted><verified>0</verified><occluded>no</occluded><attributes /><parts><hasparts /><ispartof /></parts><date>02-Apr-2017 18:33:25</date><id>0</id><type>bounding_box</type><polygon><username>anonymous</username><pt><x>48</x><y>97</y></pt><pt><x>75</x><y>97</y></pt><pt><x>75</x><y>127</y></pt><pt><x>48</x><y>127</y></pt></polygon></object><object><name>1</name><deleted>0</deleted><verified>0</verified><occluded>no</occluded><attributes /><parts><hasparts /><ispartof /></parts><date>02-Apr-2017 18:33:28</date><id>1</id><type>bounding_box</type><polygon><username>anonymous</username><pt><x>268</x><y>379</y></pt><pt><x>297</x><y>379</y></pt><pt><x>297</x><y>413</y></pt><pt><x>268</x><y>413</y></pt></polygon></object><object><name>1</name><deleted>0</deleted><verified>0</verified><occluded>no</occluded><attributes /><parts><hasparts /><ispartof /></parts><date>02-Apr-2017 18:33:32</date><id>2</id><type>bounding_box</type><polygon><username>anonymous</username><pt><x>178</x><y>150</y></pt><pt><x>217</x><y>150</y></pt><pt><x>217</x><y>191</y></pt><pt><x>178</x><y>191</y></pt></polygon></object><object><name>1</name><deleted>0</deleted><verified>0</verified><occluded>no</occluded><attributes /><parts><hasparts /><ispartof /></parts><date>02-Apr-2017 18:33:35</date><id>3</id><type>bounding_box</type><polygon><username>anonymous</username><pt><x>787</x><y>105</y></pt><pt><x>826</x><y>105</y></pt><pt><x>826</x><y>137</y></pt><pt><x>787</x><y>137</y></pt></polygon></object><object><name>1</name><deleted>0</deleted><verified>0</verified><occluded>no</occluded><attributes /><parts><hasparts /><ispartof /></parts><date>08-Apr-2017 04:02:21</date><id>4</id><type>bounding_box</type><polygon><username>gtc</username><pt><x>42</x><y>209</y></pt><pt><x>67</x><y>209</y></pt><pt><x>67</x><y>240</y></pt><pt><x>42</x><y>240</y></pt></polygon></object></annotation>