<annotation><filename>48.jpg</filename><folder>users/77880077//merge_new</folder><source><submittedBy>tianchengguo</submittedBy></source><imagesize><nrows>720</nrows><ncols>1280</ncols></imagesize><object><name>1</name><deleted>0</deleted><verified>0</verified><occluded>no</occluded><attributes /><parts><hasparts /><ispartof /></parts><date>02-Apr-2017 18:31:38</date><id>0</id><type>bounding_box</type><polygon><username>anonymous</username><pt><x>120</x><y>127</y></pt><pt><x>156</x><y>127</y></pt><pt><x>156</x><y>163</y></pt><pt><x>120</x><y>163</y></pt></polygon></object><object><name>1</name><deleted>0</deleted><verified>0</verified><occluded>no</occluded><attributes /><parts><hasparts /><ispartof /></parts><date>02-Apr-2017 18:31:40</date><id>1</id><type>bounding_box</type><polygon><username>anonymous</username><pt><x>403</x><y>365</y></pt><pt><x>445</x><y>365</y></pt><pt><x>445</x><y>411</y></pt><pt><x>403</x><y>411</y></pt></polygon></object><object><name>1</name><deleted>0</deleted><verified>0</verified><occluded>no</occluded><attributes /><parts><hasparts /><ispartof /></parts><date>02-Apr-2017 18:31:42</date><id>2</id><type>bounding_box</type><polygon><username>anonymous</username><pt><x>826</x><y>60</y></pt><pt><x>865</x><y>60</y></pt><pt><x>865</x><y>102</y></pt><pt><x>826</x><y>102</y></pt></polygon></object><object><name>1</name><deleted>0</deleted><verified>0</verified><occluded>no</occluded><attributes /><parts><hasparts /><ispartof /></parts><date>02-Apr-2017 18:31:45</date><id>3</id><type>bounding_box</type><polygon><username>anonymous</username><pt><x>201</x><y>359</y></pt><pt><x>231</x><y>359</y></pt><pt><x>231</x><y>397</y></pt><pt><x>201</x><y>397</y></pt></polygon></object><object><name>1</name><deleted>0</deleted><verified>0</verified><occluded>no</occluded><attributes /><parts><hasparts /><ispartof /></parts><date>08-Apr-2017 04:00:41</date><id>4</id><type>bounding_box</type><polygon><username>gtc</username><pt><x>581</x><y>118</y></pt><pt><x>615</x><y>118</y></pt><pt><x>615</x><y>159</y></pt><pt><x>581</x><y>159</y></pt></polygon></object><object><name>1</name><deleted>0</deleted><verified>0</verified><occluded>no</occluded><attributes /><parts><hasparts /><ispartof /></parts><date>08-Apr-2017 04:00:49</date><id>5</id><type>bounding_box</type><polygon><username>gtc</username><pt><x>158</x><y>384</y></pt><pt><x>185</x><y>384</y></pt><pt><x>185</x><y>416</y></pt><pt><x>158</x><y>416</y></pt></polygon></object><object><name>1</name><deleted>0</deleted><verified>0</verified><occluded>no</occluded><attributes /><parts><hasparts /><ispartof /></parts><date>08-Apr-2017 04:00:54</date><id>6</id><type>bounding_box</type><polygon><username>gtc</username><pt><x>252</x><y>402</y></pt><pt><x>284</x><y>402</y></pt><pt><x>284</x><y>435</y></pt><pt><x>252</x><y>435</y></pt></polygon></object></annotation>